Unnamed: 0,CountryCode,year,Country,TreeCoverLoss_ha,GrossEmissions_Co2_all_gases_Mg,AverageTemperature,AverageTemperatureUncertainty
1226,ZWE,2013,Zimbabwe,100.1258443,57509.517,20.71075,0.7785
1225,ZMB,2013,Zambia,1598.450905,731855.8092,21.196,0.825125
1224,ZAF,2013,South Africa,540.6577637,330221.7178,17.325375,0.421625
1223,VUT,2013,Vanuatu,230.9998557,136692.6723,,
1222,VNM,2013,Viet Nam,26714.95734,19190323.97,,
1221,VIR,2013,Virgin Islands (U.S.),0.365596499,162.5690714,,
1220,VGB,2013,Virgin Islands (British),1.388642566,546.8886968,,
1219,VEN,2013,Venezuela (Bolivarian Republic of),15349.15909,8617633.845,,
1218,VCT,2013,Saint Vincent and the Grenadines,0.899020098,451.5237963,,
1217,USA,2013,United States of America,86.36717586,35000.59919,,
1216,UGA,2013,Uganda,3558.612378,1850623.917,24.024625,0.589125
1215,TZA,2013,"Tanzania, United Republic of",2629.032866,1225686.957,,
1214,TWN,2013,"Taiwan, Province of China",152.5145173,39648.79742,,
1213,TTO,2013,Trinidad and Tobago,103.0735674,59874.80883,,
1212,THA,2013,Thailand,3972.92609,2244773.203,27.864875,0.263375
1211,TGO,2013,Togo,4.201499515,1095.523544,27.718,0.610375
1210,TCA,2013,Turks and Caicos Islands,3.64707624,666.1013891,,
1209,SXM,2013,Sint Maarten (Dutch part),0.512680767,172.8578773,,
1208,SUR,2013,Suriname,6627.702604,5356549.613,26.95725,0.448125
1207,SSD,2013,South Sudan,144.1834163,79446.86666,,
1206,SLV,2013,El Salvador,16.09696226,8743.771577,25.91077778,0.623111111
1205,SLE,2013,Sierra Leone,2462.824995,1082707.832,26.948,0.802625
1204,SLB,2013,Solomon Islands,5596.85206,4580097.272,27.21025,0.6485
1203,RWA,2013,Rwanda,15.29798293,8693.915646,20.103875,0.536125
1202,PRY,2013,Paraguay,53486.6473,19071433.05,22.81775,0.3685
1201,PRI,2013,Puerto Rico,20.39993394,11126.02297,26.28322222,0.403777778
1200,PNG,2013,Papua New Guinea,30630.46497,25861330.91,25.069125,0.473625
1199,PLW,2013,Palau,6.336210633,4239.196232,27.820375,0.510125
1198,PHL,2013,Philippines,10835.45079,7472896.344,27.41675,0.36075
1197,PER,2013,Peru,142870.341,100593055.7,19.97625,0.517375
1196,PAN,2013,Panama,3721.210888,2222264.685,27.2175,0.454625
1195,NPL,2013,Nepal,50.6922434,31427.78802,15.95125,0.52775
1194,NIC,2013,Nicaragua,14016.02368,8120122.385,26.87155556,0.607222222
1193,NGA,2013,Nigeria,6385.342593,2541919.529,28.005875,0.584625
1192,MYS,2013,Malaysia,106041.0065,88602122.14,26.9735,0.2325
1191,MWI,2013,Malawi,18.33387104,10354.24959,21.269375,0.782375
1190,MTQ,2013,Martinique,2.084250642,1098.788973,26.922125,0.36825
1189,MSR,2013,Montserrat,0.368828554,193.3226188,27.21325,0.375625
1188,MOZ,2013,Mozambique,946.0105274,478618.1701,23.488,0.55375
1187,MMR,2013,Myanmar,31383.53831,20089265.4,,
1186,MEX,2013,Mexico,36627.84813,15630491.2,22.21922222,0.365111111
1185,MDV,2013,Maldives,0.993637958,0,,
1184,MDG,2013,Madagascar,65200.12517,36177599.04,22.9595,0.46625
1183,MAF,2013,Saint Martin (French part),0.366144255,118.8889815,,
1182,LKA,2013,Sri Lanka,226.2195706,70318.52593,28.175125,0.405375
1181,LCA,2013,Saint Lucia,2.092562996,1210.822356,27.4655,0.384125
1180,LBR,2013,Liberia,16258.39471,7792340.479,26.314,0.692
1179,LAO,2013,Lao People's Democratic Republic,41317.56495,24423903.52,,
1178,KNA,2013,Saint Kitts and Nevis,3.088158127,1600.918813,,
1177,KHM,2013,Cambodia,123195.2049,87131372.25,28.259625,0.339375
1176,KEN,2013,Kenya,1622.943899,696069.0243,24.93525,0.671
1175,JAM,2013,Jamaica,130.0429276,68574.86206,27.12533333,0.761
1174,IND,2013,India,14398.72645,7625359.707,25.41325,0.2935
1173,IDN,2013,Indonesia,472991.3284,437971977.7,26.467,0.21225
1172,HTI,2013,Haiti,14.30089492,7013.536209,27.03155556,0.854333333
1171,HND,2013,Honduras,16969.72189,9484679.912,25.73233333,0.519444444
1170,GUY,2013,Guyana,4511.583077,3153066.466,26.6875,0.5525
1169,GUF,2013,French Guiana,1989.566043,1578913.816,26.528875,0.384125
1168,GTM,2013,Guatemala,19870.47042,9968342.543,24.29133333,0.509333333
1167,GNQ,2013,Equatorial Guinea,4065.057015,2538062.825,25.5905,0.517375
1166,GNB,2013,Guinea-Bissau,476.4396851,146851.6282,,
1165,GLP,2013,Guadeloupe,2.21850456,1223.121992,27.15675,0.3685
1164,GIN,2013,Guinea,1029.712592,492402.6383,26.68675,0.7265
1163,GHA,2013,Ghana,5111.737734,2242982.097,27.7175,0.447
1162,GAB,2013,Gabon,25802.39779,16359824.51,24.8385,0.4675
1161,FJI,2013,Fiji,453.4076953,269996.3343,25.941375,0.406625
1160,ETH,2013,Ethiopia,6608.850663,3768426.373,24.6315,0.994
1159,ECU,2013,Ecuador,11590.29902,8779036.448,22.264125,0.490625
1158,DOM,2013,Dominican Republic,262.9401411,107659.3523,26.29033333,0.821777778
1157,DMA,2013,Dominica,5.122241141,2994.704244,26.922125,0.36825
1156,CYM,2013,Cayman Islands,5.452792258,1730.22098,27.55822222,0.872
1155,CUB,2013,Cuba,68.49838788,19878.87398,26.25044444,0.498555556
1154,CRI,2013,Costa Rica,759.7707229,445718.615,26.45755556,0.611888889
1153,COM,2013,Comoros,63.89811705,36557.47539,26.542875,0.628375
1152,COL,2013,Colombia,57712.66858,37847604.41,25.5795,0.39625
1151,COG,2013,Congo,24817.96594,16001899.12,25.139375,0.437375
1150,COD,2013,"Congo, Democratic Republic of the",351217.3665,242511760.6,,
1149,CMR,2013,Cameroon,42764.3348,27097620.19,25.307625,0.66475
1148,CIV,2013,Côte d'Ivoire,18852.99434,8373852.343,,
1147,CHN,2013,China,5568.8001,3331740.645,9.295,0.261625
1146,CAF,2013,Central African Republic,6481.374652,4173442.298,26.210875,0.834875
1145,BTN,2013,Bhutan,191.2064948,121462.1482,13.331375,0.381125
1144,BRN,2013,Brunei Darussalam,608.7070552,474659.3491,,
1143,BRA,2013,Brazil,632093.5068,410119023.6,25.348125,0.26225
1142,BOL,2013,Bolivia (Plurinational State of),82289.53313,42603280.27,,
1141,BLZ,2013,Belize,8448.712492,4031114.188,26.21333333,0.439222222
1140,BHS,2013,Bahamas,3.123339366,617.9116107,26.01166667,0.540888889
1139,BGD,2013,Bangladesh,187.8994847,110644.9938,25.9675,0.42325
1138,BES,2013,"Bonaire, Sint Eustatius and Saba",0.220214427,0,,
1137,BEN,2013,Benin,1.910292641,505.7727695,28.160625,0.63625
1136,BDI,2013,Burundi,10.98885607,5777.488926,20.86275,0.547
1135,AUS,2013,Australia,2.420469116,838.3841893,22.142875,0.223625
1134,ARG,2013,Argentina,56675.33725,20753050.63,14.457125,0.2765
1133,AGO,2013,Angola,9263.696788,5181193.815,22.507875,1.03525
1132,ZWE,2012,Zimbabwe,63.29589263,36573.01276,21.52133333,0.5385
1131,ZMB,2012,Zambia,949.7750447,434941.9828,21.69775,0.586583333
1130,ZAF,2012,South Africa,335.0591691,222492.4539,17.84691667,0.341583333
1129,VUT,2012,Vanuatu,62.45156795,38535.90927,,
1128,VNM,2012,Viet Nam,68336.66573,49588636.43,,
1127,VIR,2012,Virgin Islands (U.S.),0.29247701,149.6391709,,
1126,VGB,2012,Virgin Islands (British),0.365475029,166.0337886,,
1125,VEN,2012,Venezuela (Bolivarian Republic of),22124.94479,12472344.73,,
1124,VCT,2012,Saint Vincent and the Grenadines,3.222093461,1786.412022,,
1123,USA,2012,United States of America,95.51215444,45862.98647,,
1122,UMI,2012,United States Minor Outlying Islands,0.146189343,0,,
1121,UGA,2012,Uganda,4559.106343,2678216.937,23.80566667,0.597
1120,TZA,2012,"Tanzania, United Republic of",1364.827478,629707.2867,,
1119,TWN,2012,"Taiwan, Province of China",237.6069299,114288.5319,,
1118,TTO,2012,Trinidad and Tobago,94.29658753,54960.68547,,
1117,THA,2012,Thailand,8091.80387,4720769.291,27.289,0.29125
1116,TGO,2012,Togo,1.375065862,380.5711933,27.41991667,0.552
1115,TCA,2012,Turks and Caicos Islands,1.502632853,261.9191934,,
1114,SUR,2012,Suriname,13539.66042,11197227.86,27.18941667,0.4965
1113,SSD,2012,South Sudan,86.69981628,46663.97883,,
1112,SLV,2012,El Salvador,40.73278786,23850.56588,25.56033333,0.462083333
1111,SLE,2012,Sierra Leone,612.5404238,267212.8835,26.67641667,0.774583333
1110,SLB,2012,Solomon Islands,5253.292696,4333067.379,27.18,0.526916667
1109,SGP,2012,Singapore,0.307643063,168.2943375,27.30358333,0.328916667
1108,RWA,2012,Rwanda,6.610488851,3969.316428,19.95941667,0.596916667
1107,PRY,2012,Paraguay,83806.48071,27881349.9,24.46575,0.31325
1106,PRI,2012,Puerto Rico,34.00588228,20561.48524,26.46958333,0.311833333
1105,PNG,2012,Papua New Guinea,39700.83718,33762905.99,24.84358333,0.45
1104,PLW,2012,Palau,7.629371475,6638.991321,27.72125,0.574083333
1103,PHL,2012,Philippines,6889.407214,4871537.536,27.14891667,0.28475
1102,PER,2012,Peru,177235.7822,120791448.5,20.46,0.357916667
1101,PAN,2012,Panama,3114.79922,1946808.18,27.0825,0.523166667
1100,NPL,2012,Nepal,208.8496827,144437.3806,15.41983333,0.491416667
1099,NIC,2012,Nicaragua,7265.321564,4165339.114,26.53191667,0.496583333
1098,NGA,2012,Nigeria,6061.602762,2345091.164,27.40791667,0.648416667
1097,MYS,2012,Malaysia,244306.6949,208008408.1,26.62275,0.28225
1096,MWI,2012,Malawi,16.85935324,8083.766047,21.88741667,0.600333333
1095,MTQ,2012,Martinique,21.89057934,12648.33515,27.11233333,0.362333333
1094,MSR,2012,Montserrat,0.663760641,380.4650648,27.3685,0.397666667
1093,MOZ,2012,Mozambique,397.2643412,195550.7251,24.00958333,0.471916667
1092,MMR,2012,Myanmar,34050.95292,21967936.96,,
1091,MEX,2012,Mexico,28225.47935,12871911.78,21.65241667,0.3245
1090,MDV,2012,Maldives,0.306165657,0,,
1089,MDG,2012,Madagascar,32411.27423,17831362.81,23.32533333,0.448666667
1088,MAF,2012,Saint Martin (French part),1.391408507,567.6180629,,
1087,LKA,2012,Sri Lanka,1585.04407,618483.2138,27.94983333,0.471083333
1086,LCA,2012,Saint Lucia,10.91216127,6725.220094,27.57891667,0.384083333
1085,LBR,2012,Liberia,11267.55691,5494679.322,25.99558333,0.633833333
1084,LAO,2012,Lao People's Democratic Republic,42485.89667,25087744.58,,
1083,KNA,2012,Saint Kitts and Nevis,4.193522442,2021.926644,,
1082,KHM,2012,Cambodia,115204.8917,78871235.68,27.80625,0.348333333
1081,KEN,2012,Kenya,1663.760331,944191.0841,24.92541667,0.4465
1080,JAM,2012,Jamaica,473.3218239,264436.9113,26.88508333,0.517666667
1079,IND,2012,India,18804.31468,10129233.91,24.64083333,0.270916667
1078,IDN,2012,Indonesia,855533.5338,801688677,26.32208333,0.244583333
1077,HTI,2012,Haiti,48.00735155,24021.74612,27.04508333,0.50075
1076,HND,2012,Honduras,10008.15485,5457639.736,25.26058333,0.433583333
1075,GUY,2012,Guyana,8942.254584,6392892.276,26.80016667,0.513
1074,GUF,2012,French Guiana,7425.933492,6130146.707,26.65633333,0.423416667
1073,GTM,2012,Guatemala,27788.53299,14016270.6,23.84816667,0.391666667
1072,GNQ,2012,Equatorial Guinea,2291.984383,1475093.549,25.53683333,0.524
1071,GNB,2012,Guinea-Bissau,110.3008095,33387.20938,,
1070,GLP,2012,Guadeloupe,11.83329246,6845.299492,27.31825,0.383916667
1069,GIN,2012,Guinea,589.0955787,306971.7934,26.06316667,0.651916667
1068,GHA,2012,Ghana,2501.197652,1125830.352,27.2795,0.454
1067,GAB,2012,Gabon,9507.890382,5948387.231,24.83166667,0.439666667
1066,FJI,2012,Fiji,72.54379411,40380.04275,25.47825,0.4095
1065,ETH,2012,Ethiopia,5076.612146,3090073.389,23.97616667,1.030583333
1064,ECU,2012,Ecuador,16354.15929,11651281.74,22.44591667,0.40325
1063,DOM,2012,Dominican Republic,1568.693268,663559.2825,26.34008333,0.5175
1062,DMA,2012,Dominica,39.93587528,23954.7382,27.11233333,0.362333333
1061,CYM,2012,Cayman Islands,2.106215205,597.0802645,27.12125,0.666416667
1060,CUB,2012,Cuba,244.4686869,93006.8838,26.059,0.36425
1059,CRI,2012,Costa Rica,753.5882986,450738.5167,26.282,0.591333333
1058,COM,2012,Comoros,8.361255701,4930.426455,26.38325,0.430416667
1057,COL,2012,Colombia,69587.36731,44806301.6,25.38133333,0.3465
1056,COG,2012,Congo,14805.69168,9500448.323,24.8735,0.411583333
1055,COD,2012,"Congo, Democratic Republic of the",211233.5857,145117118.8,,
1054,CMR,2012,Cameroon,25416.83661,15724992.09,24.877,0.5125
1053,CIV,2012,Côte d'Ivoire,23086.24145,10734541.35,,
1052,CHN,2012,China,7910.776555,4563877.847,7.077083333,0.26325
1051,CAF,2012,Central African Republic,10780.01302,6855267.005,25.6395,0.690083333
1050,BTN,2012,Bhutan,314.815292,204187.6865,12.27975,0.472333333
1049,BRN,2012,Brunei Darussalam,1118.791589,893697.6842,,
1048,BRA,2012,Brazil,1116088.233,722606208.8,25.71708333,0.231
1047,BOL,2012,Bolivia (Plurinational State of),148293.69,76708227.12,,
1046,BLZ,2012,Belize,6761.22923,3042177.267,25.73441667,0.377833333
1045,BHS,2012,Bahamas,7.599507974,1521.652014,25.81641667,0.37525
1044,BGD,2012,Bangladesh,326.5608554,197295.1283,25.53358333,0.347583333
1043,BES,2012,"Bonaire, Sint Eustatius and Saba",0.150534491,29.41535521,,
1042,BEN,2012,Benin,0.305852066,96.91646665,27.75183333,0.5485
1041,BDI,2012,Burundi,4.763363317,2678.45165,20.75425,0.59475
1040,AUS,2012,Australia,1.290690779,574.7744957,22.0245,0.237
1039,ARG,2012,Argentina,24809.75958,8242435.943,15.689,0.26575
1038,AGO,2012,Angola,5595.107705,3215967.687,22.12333333,0.786333333
1037,ZWE,2011,Zimbabwe,3.507849363,1973.013651,21.60241667,0.393416667
1036,ZMB,2011,Zambia,176.6518401,81787.17376,21.77158333,0.495166667
1035,ZAF,2011,South Africa,349.0775858,222525.1609,17.55241667,0.281333333
1034,VUT,2011,Vanuatu,367.086398,205731.0286,,
1033,VNM,2011,Viet Nam,45403.09388,33520586.65,,
1032,VIR,2011,Virgin Islands (U.S.),0.804280254,338.5410027,,
1031,VGB,2011,Virgin Islands (British),6.2119597,2744.339994,,
1030,VEN,2011,Venezuela (Bolivarian Republic of),15590.43441,8834964.438,,
1029,VCT,2011,Saint Vincent and the Grenadines,3.596781196,2005.851711,,
1028,USA,2011,United States of America,42.65465061,19741.69174,,
1027,UGA,2011,Uganda,7940.150348,4559773.096,23.72675,0.36225
1026,TZA,2011,"Tanzania, United Republic of",802.6883385,392718.5922,,
1025,TWN,2011,"Taiwan, Province of China",240.4026614,147611.5296,,
1024,TTO,2011,Trinidad and Tobago,65.67486193,40003.40711,,
1023,THA,2011,Thailand,8567.149116,5028524.929,26.25166667,0.25025
1022,TGO,2011,Togo,0.611121349,162.8672291,27.772,0.33625
1021,TCA,2011,Turks and Caicos Islands,0.715181116,124.3733121,,
1020,SXM,2011,Sint Maarten (Dutch part),1.171822096,493.0814693,,
1019,SUR,2011,Suriname,4125.440947,3406722.313,27.0605,0.401833333
1018,SSD,2011,South Sudan,147.4791725,89586.53617,,
1017,SLV,2011,El Salvador,71.30081187,42231.32559,25.54966667,0.362083333
1016,SLE,2011,Sierra Leone,601.3597097,272652.4903,26.92625,0.465416667
1015,SLB,2011,Solomon Islands,3094.546815,2506941.446,27.23575,0.427916667
1014,SEN,2011,Senegal,0.901602226,324.7259988,28.77491667,0.427833333
1013,RWA,2011,Rwanda,7.148593299,4491.374777,19.77375,0.486083333
1012,PRY,2011,Paraguay,64118.86125,22484597.26,23.9915,0.349333333
1011,PRI,2011,Puerto Rico,37.80605681,21899.23838,26.22083333,0.25825
1010,PNG,2011,Papua New Guinea,26449.83749,22281837.25,24.82983333,0.342666667
1009,PLW,2011,Palau,14.19026721,11970.73163,27.55341667,0.452583333
1008,PHL,2011,Philippines,4919.429723,3438533.431,26.78591667,0.203916667
1007,PER,2011,Peru,88885.92103,60668002.89,20.28408333,0.351416667
1006,PAN,2011,Panama,4757.308112,2934142.409,26.70925,0.33125
1005,NPL,2011,Nepal,104.300178,72904.1764,15.28066667,0.477916667
1004,NIC,2011,Nicaragua,14501.14059,8521164.469,26.614,0.294583333
1003,NGA,2011,Nigeria,7402.627898,2898317.853,27.62225,0.4445
1002,MYS,2011,Malaysia,161190.5749,142968375.7,26.44058333,0.226666667
1001,MWI,2011,Malawi,2.574021534,1203.335289,22.31325,0.479333333
1000,MTQ,2011,Martinique,11.24292488,6368.688291,26.98783333,0.30725
999,MSR,2011,Montserrat,1.549040463,861.6613541,27.2225,0.33525
998,MOZ,2011,Mozambique,126.4409084,57019.27524,24.30216667,0.41975
997,MMR,2011,Myanmar,25247.76801,16043066.53,,
996,MEX,2011,Mexico,29571.00766,13147279.12,21.59933333,0.245333333
995,MDV,2011,Maldives,3.286527988,100.7177388,,
994,MDG,2011,Madagascar,54155.06855,30305479.19,23.77683333,0.443083333
993,MAF,2011,Saint Martin (French part),5.638927656,2256.72808,,
992,LKA,2011,Sri Lanka,491.1550563,189761.2864,27.66916667,0.3165
991,LCA,2011,Saint Lucia,17.33948467,10512.18357,27.54016667,0.24925
990,LBR,2011,Liberia,5797.435247,2787944.437,26.24066667,0.377916667
989,LAO,2011,Lao People's Democratic Republic,43372.78595,25440673.12,,
988,KNA,2011,Saint Kitts and Nevis,3.089947233,1560.426896,,
987,KHM,2011,Cambodia,124148.962,85936336.8,27.0035,0.319416667
986,KEN,2011,Kenya,1410.479868,787909.7254,24.96575,0.390333333
985,JAM,2011,Jamaica,321.2369372,176827.8791,26.64058333,0.497083333
984,IND,2011,India,16286.66704,8800704.28,24.41558333,0.213333333
983,IDN,2011,Indonesia,613905.6819,610962383.3,26.20225,0.194583333
982,HTI,2011,Haiti,28.4231405,13755.66979,26.94358333,0.273833333
981,HND,2011,Honduras,20322.91041,11510052.24,25.47425,0.319583333
980,GUY,2011,Guyana,5831.291095,4185849.391,26.68341667,0.444166667
979,GUF,2011,French Guiana,2153.04102,1742590.667,26.59133333,0.37
978,GTM,2011,Guatemala,17212.5047,8891406.109,23.82083333,0.33375
977,GNQ,2011,Equatorial Guinea,3709.541386,2396935.717,25.54566667,0.390833333
976,GNB,2011,Guinea-Bissau,148.7327564,45116.5397,,
975,GLP,2011,Guadeloupe,3.476532789,2013.313638,27.1765,0.32675
974,GIN,2011,Guinea,399.7320462,215366.152,26.343,0.416583333
973,GHA,2011,Ghana,2771.851621,1227497.326,27.59975,0.273166667
972,GAB,2011,Gabon,8688.798239,5471034.072,24.73091667,0.451833333
971,FJI,2011,Fiji,54.52955821,32009.7587,25.72283333,0.313083333
970,ETH,2011,Ethiopia,2652.224707,1628660.508,24.07416667,0.619416667
969,ECU,2011,Ecuador,11175.11201,8486275.487,22.33666667,0.326916667
968,DOM,2011,Dominican Republic,581.7748441,256467.1742,26.25075,0.281416667
967,DMA,2011,Dominica,13.36315224,7842.840163,26.98783333,0.30725
966,CYM,2011,Cayman Islands,2.90817595,1010.656244,27.44216667,0.368416667
965,CUB,2011,Cuba,310.8503534,77138.38957,26.153,0.295083333
964,CRI,2011,Costa Rica,997.9778702,596287.7394,26.11341667,0.335583333
963,COM,2011,Comoros,15.59503729,9038.112678,26.454,0.3535
962,COL,2011,Colombia,72600.51831,46327593.88,25.24691667,0.268916667
961,COG,2011,Congo,13755.2637,8987958.142,24.77508333,0.38275
960,COD,2011,"Congo, Democratic Republic of the",148638.5712,100655827.5,,
959,CMR,2011,Cameroon,13505.5077,8142508.061,24.87658333,0.459583333
958,CIV,2011,Côte d'Ivoire,29740.36633,13319688.76,,
957,CHN,2011,China,5029.497198,2853351.157,7.357083333,0.182333333
956,CAF,2011,Central African Republic,9501.128935,6105745.169,25.63875,0.581833333
955,BTN,2011,Bhutan,379.3295462,232936.0864,12.40025,0.47875
954,BRN,2011,Brunei Darussalam,1661.886484,1389796.259,,
953,BRA,2011,Brazil,803048.8946,509672795.5,25.42891667,0.204833333
952,BOL,2011,Bolivia (Plurinational State of),162624.5295,85050640.38,,
951,BLZ,2011,Belize,16277.81669,8019427.596,25.84275,0.35025
950,BHS,2011,Bahamas,2.40838902,439.5729064,26.00325,0.325083333
949,BGD,2011,Bangladesh,262.8746706,147709.3375,25.20508333,0.32
948,BES,2011,"Bonaire, Sint Eustatius and Saba",5.138404811,0,,
947,BEN,2011,Benin,0.152595415,40.10432469,28.06116667,0.289583333
946,BDI,2011,Burundi,7.067871733,4222.813096,20.54591667,0.559333333
945,AUS,2011,Australia,0.075929844,40.55902174,21.767,0.186916667
944,ARG,2011,Argentina,17365.53972,6106977.007,15.33966667,0.219833333
943,AGO,2011,Angola,4258.513832,2403184.334,22.02966667,0.77175
942,ZWE,2010,Zimbabwe,3.940846911,2354.723729,21.98625,0.409666667
941,ZMB,2010,Zambia,2850.437864,1350727.194,22.2675,0.48325
940,ZAF,2010,South Africa,272.603406,158028.7845,18.30266667,0.265666667
939,VUT,2010,Vanuatu,128.9948096,74882.11945,,
938,VNM,2010,Viet Nam,64629.17769,42989045.86,,
937,VIR,2010,Virgin Islands (U.S.),0.292473501,150.79761,,
936,VGB,2010,Virgin Islands (British),1.973273272,974.004478,,
935,VEN,2010,Venezuela (Bolivarian Republic of),25809.24787,14855490.07,,
934,VCT,2010,Saint Vincent and the Grenadines,3.7465678,2111.513631,,
933,USA,2010,United States of America,29.09822851,13677.79997,,
932,UGA,2010,Uganda,4756.931298,2721669.63,23.92233333,0.376416667
931,TZA,2010,"Tanzania, United Republic of",1086.416345,570441.595,,
930,TWN,2010,"Taiwan, Province of China",580.9963777,354350.1261,,
929,TTO,2010,Trinidad and Tobago,357.6226297,202198.8386,,
928,THA,2010,Thailand,12206.42637,7105812.887,27.38966667,0.193083333
927,TGO,2010,Togo,0.305554212,81.3292712,28.05941667,0.33925
926,TCA,2010,Turks and Caicos Islands,6.721901172,1143.564412,,
925,SXM,2010,Sint Maarten (Dutch part),0.073239834,34.52814061,,
924,SUR,2010,Suriname,4796.667737,3911859.959,27.41258333,0.343666667
923,SSD,2010,South Sudan,78.35151636,49458.52346,,
922,SLV,2010,El Salvador,63.65454742,36924.46729,25.45866667,0.429666667
921,SLE,2010,Sierra Leone,300.9328275,142778.5922,27.17716667,0.384666667
920,SLB,2010,Solomon Islands,3224.700076,2617588.592,27.58625,0.45625
919,SEN,2010,Senegal,0.07508211,17.1182044,29.30233333,0.366333333
918,RWA,2010,Rwanda,24.05777408,15858.35994,20.26708333,0.332416667
917,PRY,2010,Paraguay,72835.22798,22639226.94,23.61541667,0.314333333
916,PRI,2010,Puerto Rico,27.78228629,16003.39939,26.63825,0.2525
915,PNG,2010,Papua New Guinea,32759.56222,27360691.73,25.342,0.290416667
914,PLW,2010,Palau,10.83377588,9025.778092,27.76775,0.370416667
913,PHL,2010,Philippines,8879.94954,6063933.921,27.3565,0.178
912,PER,2010,Peru,100970.2086,69153362.28,20.5845,0.465916667
911,PAN,2010,Panama,2964.876939,1859487.308,27.02916667,0.405
910,NPL,2010,Nepal,141.5226174,95867.68492,16.114,0.411333333
909,NIC,2010,Nicaragua,30517.89095,17682252.08,26.61891667,0.343166667
908,NGA,2010,Nigeria,6780.938992,2674451.63,28.00425,0.34725
907,MYS,2010,Malaysia,139646.6633,119186920.4,26.80666667,0.1995
906,MWI,2010,Malawi,5.283475164,2465.235511,22.60066667,0.373583333
905,MTQ,2010,Martinique,6.402938696,3924.260765,27.48683333,0.315166667
904,MSR,2010,Montserrat,21.24043437,11717.64615,27.69658333,0.302083333
903,MOZ,2010,Mozambique,658.3593199,289358.802,24.60575,0.273583333
902,MMR,2010,Myanmar,40067.33537,24467816.17,,
901,MEX,2010,Mexico,27932.92526,12869719.52,20.85291667,0.21775
900,MDV,2010,Maldives,0.840920514,60.17369607,,
899,MDG,2010,Madagascar,23817.57595,13436036.11,23.84616667,0.395166667
898,MAF,2010,Saint Martin (French part),0.366154327,157.9133719,,
897,LKA,2010,Sri Lanka,354.3575342,135092.3293,27.8835,0.34175
896,LCA,2010,Saint Lucia,8.669998761,5294.793459,28.00591667,0.32425
895,LBR,2010,Liberia,4633.325966,2343861.847,26.53275,0.282
894,LAO,2010,Lao People's Democratic Republic,49979.70036,29473962.72,,
893,KNA,2010,Saint Kitts and Nevis,6.327269167,3267.446349,,
892,KHM,2010,Cambodia,124772.0043,77897322.74,27.87525,0.196166667
891,KEN,2010,Kenya,6749.350293,3723913.752,24.96125,0.380583333
890,JAM,2010,Jamaica,438.0279765,241773.6103,26.52125,0.509083333
889,IND,2010,India,11360.5282,6164344.788,25.05083333,0.206833333
888,IDN,2010,Indonesia,540976.0302,536523969.6,26.537,0.204833333
887,HTI,2010,Haiti,12.64323848,6125.476363,27.00233333,0.448083333
886,HND,2010,Honduras,21407.26293,12102954.43,25.24566667,0.377416667
885,GUY,2010,Guyana,6655.690789,4647912.994,27.11608333,0.41275
884,GUF,2010,French Guiana,2428.221192,1949995.248,27.01866667,0.283833333
883,GTM,2010,Guatemala,22749.93274,11465506.98,23.68758333,0.325416667
882,GNQ,2010,Equatorial Guinea,3211.691077,1969857.789,25.9025,0.372
881,GNB,2010,Guinea-Bissau,138.6652852,44149.76927,,
880,GLP,2010,Guadeloupe,11.39054532,6488.382628,27.65566667,0.295916667
879,GIN,2010,Guinea,332.7784042,163565.1866,26.59725,0.364583333
878,GHA,2010,Ghana,1647.702459,748064.7016,27.935,0.284916667
877,GAB,2010,Gabon,6237.464681,3989011.839,25.221,0.428833333
876,FJI,2010,Fiji,187.0592573,108354.7944,25.9185,0.325416667
875,ETH,2010,Ethiopia,3455.00787,2018852.273,23.9275,0.554166667
874,ECU,2010,Ecuador,8490.719114,6190477.968,22.63991667,0.2865
873,DOM,2010,Dominican Republic,678.2613826,300731.9051,26.45558333,0.323333333
872,DMA,2010,Dominica,21.23425723,12469.53156,27.48683333,0.315166667
871,CYM,2010,Cayman Islands,7.257493389,1939.314626,27.03441667,0.378666667
870,CUB,2010,Cuba,125.9503327,47187.81083,25.62733333,0.315333333
869,CRI,2010,Costa Rica,1106.521734,645431.3818,26.22675,0.395583333
868,COM,2010,Comoros,13.41457058,7752.065965,26.78683333,0.34325
867,COL,2010,Colombia,68738.72867,43660483.61,25.68766667,0.283083333
866,COG,2010,Congo,20597.8897,13229874.47,25.55941667,0.51375
865,COD,2010,"Congo, Democratic Republic of the",265180.2033,178770095.8,,
864,CMR,2010,Cameroon,26814.74995,15693113.86,25.46475,0.444583333
863,CIV,2010,Côte d'Ivoire,17374.24408,8204198.009,,
862,CHN,2010,China,5128.026859,2886506.887,7.548416667,0.193666667
861,CAF,2010,Central African Republic,11148.23455,7545297.123,26.32983333,0.550833333
860,BTN,2010,Bhutan,818.97433,533970.9944,12.94725,0.358083333
859,BRN,2010,Brunei Darussalam,524.4044872,446803.9874,,
858,BRA,2010,Brazil,1153025.31,728453719.9,25.81241667,0.158
857,BOL,2010,Bolivia (Plurinational State of),267750.8142,139175794,,
856,BLZ,2010,Belize,4768.539664,2179223.579,25.50233333,0.29375
855,BHS,2010,Bahamas,5.357773241,982.9670324,25.22916667,0.436833333
854,BGD,2010,Bangladesh,235.0726349,124091.4596,25.94033333,0.264666667
853,BES,2010,"Bonaire, Sint Eustatius and Saba",0.146818426,0,,
852,BEN,2010,Benin,0.305730463,93.0666546,28.32558333,0.286666667
851,BDI,2010,Burundi,13.13815539,7693.366447,21.06875,0.372166667
850,AUS,2010,Australia,1.968209819,807.599906,22.07816667,0.181416667
849,ARG,2010,Argentina,31311.26367,10764627.9,15.07883333,0.218916667
848,AGO,2010,Angola,5225.620729,3024642.526,22.6815,0.671333333
847,ZWE,2009,Zimbabwe,18.79580551,11171.42733,21.37725,0.436416667
846,ZMB,2009,Zambia,1298.690927,605534.8765,21.67025,0.491666667
845,ZAF,2009,South Africa,446.5557893,260980.0738,17.886,0.250666667
844,VUT,2009,Vanuatu,824.8324665,465727.3202,,
843,VNM,2009,Viet Nam,46797.97631,31863505.66,,
842,VIR,2009,Virgin Islands (U.S.),1.023698788,484.3940802,,
841,VGB,2009,Virgin Islands (British),2.850039339,1275.362811,,
840,VEN,2009,Venezuela (Bolivarian Republic of),23435.49906,13017852.69,,
839,VCT,2009,Saint Vincent and the Grenadines,2.922106253,1586.823309,,
838,USA,2009,United States of America,39.73140209,18751.56011,,
837,UGA,2009,Uganda,2385.567989,1351731.886,24.04716667,0.385666667
836,TZA,2009,"Tanzania, United Republic of",937.5340642,456116.6106,,
835,TWN,2009,"Taiwan, Province of China",3094.547294,1873620.795,,
834,TTO,2009,Trinidad and Tobago,119.1412844,69533.7909,,
833,THA,2009,Thailand,13198.2768,7655993.866,26.64808333,0.250083333
832,TGO,2009,Togo,0.76408392,222.9259089,27.71033333,0.361
831,TCA,2009,Turks and Caicos Islands,50.71993876,8717.764231,,
830,SXM,2009,Sint Maarten (Dutch part),1.098586432,452.6286223,,
829,SUR,2009,Suriname,4226.633068,3356467.052,27.23308333,0.280833333
828,SSD,2009,South Sudan,23.46256816,11880.60085,,
827,SLV,2009,El Salvador,50.6169707,30247.59274,25.78758333,0.437666667
826,SLE,2009,Sierra Leone,960.9329728,422418.2845,26.985,0.59525
825,SLB,2009,Solomon Islands,3126.331146,2472846.31,27.38783333,0.479833333
824,SEN,2009,Senegal,0.150259228,46.68569818,28.47375,0.349
823,RWA,2009,Rwanda,12.91286921,8139.593537,20.02266667,0.533416667
822,PRY,2009,Paraguay,49611.5108,14966819.98,24.18858333,0.315916667
821,PRI,2009,Puerto Rico,58.12912626,33252.33511,26.338,0.2625
820,PNG,2009,Papua New Guinea,23179.99519,19154508.06,24.78316667,0.41475
819,PLW,2009,Palau,13.27572284,11279.20886,27.71691667,0.306916667
818,PHL,2009,Philippines,6946.297948,4762393.406,27.00875,0.21325
817,PER,2009,Peru,120185.8497,82101575.17,20.52308333,0.401916667
816,PAN,2009,Panama,5559.404541,3490813.124,27.26975,0.318583333
815,NPL,2009,Nepal,476.7522104,275923.6262,16.077,0.381916667
814,NIC,2009,Nicaragua,16023.12668,9259541.424,26.78166667,0.303666667
813,NGA,2009,Nigeria,3923.790919,1520840.284,27.90291667,0.37975
812,MYS,2009,Malaysia,235834.528,213969434.1,26.642,0.216083333
811,MWI,2009,Malawi,12.98676987,6299.389288,22.01483333,0.372166667
810,MTQ,2009,Martinique,16.82534932,9572.81489,26.9505,0.270833333
809,MSR,2009,Montserrat,2.58153609,1528.776947,27.21675,0.253166667
808,MOZ,2009,Mozambique,443.642308,211685.0408,24.08133333,0.304416667
807,MMR,2009,Myanmar,41647.08499,25244953.22,,
806,MEX,2009,Mexico,46683.93892,20028490.06,21.54608333,0.205916667
805,MDV,2009,Maldives,1.299742585,33.51133287,,
804,MDG,2009,Madagascar,34012.34149,19338429.27,23.61866667,0.499833333
803,MAF,2009,Saint Martin (French part),0.073240342,33.89771928,,
802,LKA,2009,Sri Lanka,508.7525146,203639.7198,27.74541667,0.32675
801,LCA,2009,Saint Lucia,6.951219168,4035.043564,27.495,0.2535
800,LBR,2009,Liberia,13356.14559,6564893.397,26.494,0.641
799,LAO,2009,Lao People's Democratic Republic,48414.51046,28611575.69,,
798,KNA,2009,Saint Kitts and Nevis,6.180573872,3110.496778,,
797,KHM,2009,Cambodia,65268.33906,40472034.56,27.25275,0.264
796,KEN,2009,Kenya,1596.453956,878522.2376,25.22808333,0.301833333
795,JAM,2009,Jamaica,620.0002293,347336.7683,26.86016667,0.463666667
794,IND,2009,India,17112.14613,9056606.026,25.14666667,0.165
793,IDN,2009,Indonesia,683828.2866,606099499.6,26.455,0.1975
792,HTI,2009,Haiti,24.37032884,12430.41557,27.14516667,0.32525
791,HND,2009,Honduras,22179.62503,12514744.63,25.51858333,0.330083333
790,GUY,2009,Guyana,4928.765495,3447971.594,27.10158333,0.418583333
789,GUF,2009,French Guiana,2088.602534,1673196.051,26.73125,0.26625
788,GTM,2009,Guatemala,37529.01704,18262586.78,23.93991667,0.278333333
787,GNQ,2009,Equatorial Guinea,3136.881436,2040246.415,25.83283333,0.386333333
786,GNB,2009,Guinea-Bissau,138.3583696,44202.4891,,
785,GLP,2009,Guadeloupe,5.549746048,3055.179697,27.16466667,0.251583333
784,GIN,2009,Guinea,378.7687463,212242.7311,26.32566667,0.414833333
783,GHA,2009,Ghana,3538.077274,1617674.276,27.55758333,0.312166667
782,GAB,2009,Gabon,11765.79214,7628236.285,25.13466667,0.436333333
781,FJI,2009,Fiji,102.044296,58818.27128,25.22741667,0.347583333
780,ETH,2009,Ethiopia,3993.014698,2324220.135,24.27358333,0.39025
779,ECU,2009,Ecuador,8111.726803,5817494.393,22.67716667,0.325
778,DOM,2009,Dominican Republic,788.9452909,333466.4343,26.42308333,0.339583333
777,DMA,2009,Dominica,16.77821629,9955.13512,26.9505,0.270833333
776,CYM,2009,Cayman Islands,1.308312998,439.5599248,27.49275,0.32575
775,CUB,2009,Cuba,758.8441527,263887.1509,26.02233333,0.248166667
774,CRI,2009,Costa Rica,1998.434043,1164212.538,26.52291667,0.331
773,COM,2009,Comoros,11.98003795,7104.782659,26.59325,0.357333333
772,COL,2009,Colombia,65824.11616,41623920.63,25.61833333,0.271666667
771,COG,2009,Congo,7705.368721,4787624.307,25.34925,0.401
770,COD,2009,"Congo, Democratic Republic of the",218277.1835,151281034.5,,
769,CMR,2009,Cameroon,19722.31663,13428187.31,25.40733333,0.423416667
768,CIV,2009,Côte d'Ivoire,14682.63559,6881635.854,,
767,CHN,2009,China,7281.374458,4057096.389,7.8095,0.169083333
766,CAF,2009,Central African Republic,8869.150539,5671091.145,26.51091667,0.4565
765,BTN,2009,Bhutan,453.5626282,304777.4587,13.11475,0.3515
764,BRN,2009,Brunei Darussalam,1242.370444,1035322.187,,
763,BRA,2009,Brazil,700169.3147,464902017.6,25.60058333,0.185666667
762,BOL,2009,Bolivia (Plurinational State of),108163.3848,57204936.02,,
761,BLZ,2009,Belize,4405.139055,1959910.362,25.90775,0.283666667
760,BHS,2009,Bahamas,6.791373465,1309.046915,25.76916667,0.242333333
759,BGD,2009,Bangladesh,557.8428414,312964.1446,25.90491667,0.2575
758,BES,2009,"Bonaire, Sint Eustatius and Saba",0.440448523,0,,
757,BEN,2009,Benin,0.305521557,87.1308012,28.15608333,0.3095
756,BDI,2009,Burundi,13.21632097,7538.529514,20.76425,0.580583333
755,AUS,2009,Australia,0.601261119,242.402793,22.69058333,0.184333333
754,ARG,2009,Argentina,20818.5637,7212372.087,15.53441667,0.21575
753,AGO,2009,Angola,5342.827568,3148197.475,22.3165,0.688166667
752,ABW,2009,Aruba,0.300650894,36.91782941,28.832,0.332916667
751,ZWE,2008,Zimbabwe,8.167653501,4917.81618,21.54558333,0.433
750,ZMB,2008,Zambia,305.054915,144182.0063,21.53583333,0.485166667
749,ZAF,2008,South Africa,541.4491717,312732.6396,17.95608333,0.296166667
748,VUT,2008,Vanuatu,48.10811198,28839.87682,,
747,VNM,2008,Viet Nam,34398.46956,22704475.28,,
746,VGB,2008,Virgin Islands (British),2.046276302,865.4422627,,
745,VEN,2008,Venezuela (Bolivarian Republic of),19858.52026,10850416.09,,
744,VCT,2008,Saint Vincent and the Grenadines,1.049214853,575.8774154,,
743,USA,2008,United States of America,32.88491846,15553.37797,,
742,UGA,2008,Uganda,4296.788808,2507672.246,23.49625,0.41475
741,TZA,2008,"Tanzania, United Republic of",1056.176256,511195.8826,,
740,TWN,2008,"Taiwan, Province of China",252.5820828,153482.9017,,
739,TTO,2008,Trinidad and Tobago,139.3101004,81697.68218,,
738,THA,2008,Thailand,7816.148137,4514673.394,26.222,0.20925
737,TGO,2008,Togo,0.076390762,18.79285606,27.46491667,0.356
736,TCA,2008,Turks and Caicos Islands,15.44554256,2584.052121,,
735,SXM,2008,Sint Maarten (Dutch part),0.585916126,187.7627615,,
734,SUR,2008,Suriname,4430.92955,3538474.23,26.9195,0.324166667
733,SSD,2008,South Sudan,47.34022928,26415.33778,,
732,SLV,2008,El Salvador,30.02278462,16801.46451,25.24825,0.344
731,SLE,2008,Sierra Leone,462.960082,236512.3224,26.97875,0.436666667
730,SLB,2008,Solomon Islands,4826.274672,3943944.477,27.18391667,0.468916667
729,SEN,2008,Senegal,0.976272009,284.0705327,28.79608333,0.372333333
728,RWA,2008,Rwanda,26.67006041,17159.5638,19.7305,0.511083333
727,PRY,2008,Paraguay,53656.76573,16755744.87,23.81833333,0.24225
726,PRI,2008,Puerto Rico,68.06000968,35459.72638,26.09833333,0.2585
725,PNG,2008,Papua New Guinea,33901.37066,28070938.42,24.77591667,0.32875
724,PLW,2008,Palau,30.06098386,25939.68035,27.62575,0.275916667
723,PHL,2008,Philippines,5656.021202,3891465.911,26.87575,0.195333333
722,PER,2008,Peru,88796.62753,62120965.82,20.22641667,0.340666667
721,PAN,2008,Panama,6855.081599,4250181.962,26.80066667,0.317083333
720,NPL,2008,Nepal,171.2250861,119082.3577,15.40908333,0.470166667
719,NIC,2008,Nicaragua,8021.261592,4580104.161,26.3885,0.262666667
718,NGA,2008,Nigeria,4089.521338,1612363.581,27.32566667,0.4255
717,MYS,2008,Malaysia,139245.9731,120033635.5,26.25408333,0.17475
716,MWI,2008,Malawi,4.485004475,2262.682724,21.8225,0.288166667
715,MTQ,2008,Martinique,18.46501231,10651.89223,26.66466667,0.212416667
714,MSR,2008,Montserrat,2.581780954,1450.320647,26.90983333,0.229833333
713,MOZ,2008,Mozambique,327.1270112,146003.954,24.0305,0.28375
712,MMR,2008,Myanmar,24123.52699,14575275.81,,
711,MEX,2008,Mexico,29567.8394,12849737.56,21.08525,0.1995
710,MDV,2008,Maldives,1.452822959,24.6930216,,
709,MDG,2008,Madagascar,23593.87747,13325947.24,23.33225,0.453333333
708,MAF,2008,Saint Martin (French part),0.146465736,60.36507961,,
707,LKA,2008,Sri Lanka,498.3822395,206781.6312,27.44116667,0.333166667
706,LCA,2008,Saint Lucia,3.886651002,2348.416285,27.20866667,0.216416667
705,LBR,2008,Liberia,5891.447339,2898540.712,26.29741667,0.382166667
704,LAO,2008,Lao People's Democratic Republic,24927.01179,14598828.86,,
703,KNA,2008,Saint Kitts and Nevis,9.198259011,4685.212156,,
702,KHM,2008,Cambodia,48734.01222,31140983.28,26.89708333,0.296583333
701,KEN,2008,Kenya,1886.881734,1064408.673,24.64975,0.3155
700,JAM,2008,Jamaica,278.6430018,153897.0872,26.6215,0.357
699,IND,2008,India,20701.87684,11273512.29,24.406,0.178083333
698,IDN,2008,Indonesia,469406.6502,409354254,26.06525,0.167333333
697,HTI,2008,Haiti,41.96219328,20175.59605,26.92716667,0.35375
696,HND,2008,Honduras,14679.88939,8198156.013,25.10783333,0.280416667
695,GUY,2008,Guyana,6377.269889,4536480.703,26.619,0.359333333
694,GUF,2008,French Guiana,3723.947948,2959994.109,26.46233333,0.29075
693,GTM,2008,Guatemala,29727.87271,14505726.38,23.48208333,0.268833333
692,GNQ,2008,Equatorial Guinea,2312.994089,1522353.496,25.76875,0.402166667
691,GNB,2008,Guinea-Bissau,68.76605022,22414.67525,,
690,GLP,2008,Guadeloupe,4.883740121,2520.818053,26.86166667,0.21375
689,GIN,2008,Guinea,540.7072736,258480.4404,26.28775,0.408583333
688,GHA,2008,Ghana,2669.654046,1183751.432,27.36783333,0.355333333
687,GAB,2008,Gabon,9314.200803,6010967.716,25.12791667,0.455
686,FJI,2008,Fiji,121.5840619,69713.44609,25.73016667,0.28525
685,ETH,2008,Ethiopia,3590.340126,2156097.695,23.60258333,0.434333333
684,ECU,2008,Ecuador,8953.46584,6728347.962,22.22425,0.47975
683,DOM,2008,Dominican Republic,1557.82757,669922.5557,26.19925,0.3635
682,DMA,2008,Dominica,21.82945624,13071.85352,26.66466667,0.212416667
681,CYM,2008,Cayman Islands,1.306237603,359.4764949,27.37716667,0.351166667
680,CUB,2008,Cuba,1204.74343,473923.7903,26.05475,0.288583333
679,CRI,2008,Costa Rica,1311.374579,754328.3687,26.05608333,0.281333333
678,COM,2008,Comoros,3.464298021,2042.14623,26.18825,0.341833333
677,COL,2008,Colombia,83618.62132,54017220.14,25.15391667,0.24825
676,COG,2008,Congo,5892.723244,3683869.165,25.29241667,0.490083333
675,COD,2008,"Congo, Democratic Republic of the",121474.3671,82487360.02,,
674,CMR,2008,Cameroon,15038.14296,9756043.61,25.12108333,0.462833333
673,CIV,2008,Côte d'Ivoire,12553.22178,5671099.284,,
672,CHN,2008,China,4076.472446,2288538.193,7.566083333,0.171166667
671,CAF,2008,Central African Republic,5292.726679,3585672.23,25.96866667,0.425083333
670,BTN,2008,Bhutan,319.1116194,208128.19,12.45633333,0.397583333
669,BRN,2008,Brunei Darussalam,760.9255318,682466.4436,,
668,BRA,2008,Brazil,1075145.504,684622730.7,25.41033333,0.162583333
667,BOL,2008,Bolivia (Plurinational State of),180574.5086,92378199.16,,
666,BLZ,2008,Belize,3609.264954,1667453.52,25.52466667,0.25475
665,BHS,2008,Bahamas,4.100843017,496.5369432,25.89975,0.31925
664,BGD,2008,Bangladesh,240.6481629,134516.7174,25.3895,0.262083333
663,BDI,2008,Burundi,18.13216315,10558.44788,20.56791667,0.56675
662,AUS,2008,Australia,0.303690431,114.8733014,22.22591667,0.16625
661,ARG,2008,Argentina,47052.40972,17239069.68,15.476,0.20475
660,AGO,2008,Angola,2699.368854,1565283.351,22.28733333,0.64775
659,ZWE,2007,Zimbabwe,16.3057335,9436.833784,21.60425,0.32
658,ZMB,2007,Zambia,538.2014284,252227.431,21.8385,0.490083333
657,ZAF,2007,South Africa,414.6365613,232777.3553,17.98625,0.296166667
656,VUT,2007,Vanuatu,27.41802948,15705.23733,,
655,VNM,2007,Viet Nam,22282.42666,13913635.93,,
654,VIR,2007,Virgin Islands (U.S.),1.023697974,394.6561139,,
653,VGB,2007,Virgin Islands (British),2.777131634,1174.023892,,
652,VEN,2007,Venezuela (Bolivarian Republic of),26115.73128,14624639.19,,
651,VCT,2007,Saint Vincent and the Grenadines,1.348707831,695.8527328,,
650,USA,2007,United States of America,37.82837679,17254.91159,,
649,UGA,2007,Uganda,4043.766267,2519595.271,23.4905,0.5185
648,TZA,2007,"Tanzania, United Republic of",917.2637345,487533.4637,,
647,TWN,2007,"Taiwan, Province of China",192.2304332,121276.4362,,
646,TTO,2007,Trinidad and Tobago,134.1614461,76070.72841,,
645,THA,2007,Thailand,11325.1062,6693164.901,26.63691667,0.19325
644,TGO,2007,Togo,5.347389242,1598.447978,27.86383333,0.407083333
643,TCA,2007,Turks and Caicos Islands,16.30603149,2629.739683,,
642,SXM,2007,Sint Maarten (Dutch part),0.146473671,37.31177232,,
641,SUR,2007,Suriname,2157.987344,1701044.449,26.90858333,0.311083333
640,SSD,2007,South Sudan,102.2866713,59367.2681,,
639,SLV,2007,El Salvador,47.99901107,25140.67388,25.47516667,0.40325
638,SLE,2007,Sierra Leone,476.4832728,243850.943,26.83741667,0.59025
637,SLB,2007,Solomon Islands,3015.804917,2488242.529,27.32141667,0.42425
636,SGP,2007,Singapore,0.153821242,72.57053425,27.13,0.22625
635,SEN,2007,Senegal,0.450813581,140.9690287,28.81683333,0.337
634,RWA,2007,Rwanda,8.762524293,5411.868369,19.76325,0.467083333
633,PRY,2007,Paraguay,85752.33167,30218150,23.72666667,0.383833333
632,PRI,2007,Puerto Rico,41.75133925,23459.65028,26.61783333,0.220833333
631,PNG,2007,Papua New Guinea,25053.19992,20965854.07,24.88266667,0.3775
630,PLW,2007,Palau,33.26549572,27713.35885,27.84275,0.235333333
629,PHL,2007,Philippines,8752.957278,5955621.912,27.162,0.1915
628,PER,2007,Peru,77991.86086,52136411.67,20.19166667,0.376583333
627,PAN,2007,Panama,3111.34923,1895350.962,27.05941667,0.377416667
626,NPL,2007,Nepal,268.0438375,180201.3149,15.65708333,0.37725
625,NIC,2007,Nicaragua,36159.65002,21442001.18,26.82308333,0.363833333
624,NGA,2007,Nigeria,2752.751224,1078727.329,27.69008333,0.619166667
623,MYS,2007,Malaysia,142068.4256,123325464.9,26.49633333,0.186166667
622,MWI,2007,Malawi,9.758272384,4696.748147,22.09833333,0.391416667
621,MTQ,2007,Martinique,9.832688167,4888.873141,27.09441667,0.227083333
620,MSR,2007,Montserrat,0.1475218,81.49684066,27.45291667,0.238583333
619,MOZ,2007,Mozambique,180.3598873,82531.69358,24.22441667,0.291
618,MMR,2007,Myanmar,31292.34811,19078679.51,,
617,MEX,2007,Mexico,28986.7844,13408058.03,21.07933333,0.206
616,MDV,2007,Maldives,1.299456807,24.25809218,,
615,MDG,2007,Madagascar,45958.40129,25723322.65,23.64975,0.361
614,MAF,2007,Saint Martin (French part),1.098461664,355.4950366,,
613,LKA,2007,Sri Lanka,675.0928182,264969.5874,27.5565,0.30175
612,LCA,2007,Saint Lucia,4.558703427,2674.468146,27.58325,0.215416667
611,LBR,2007,Liberia,7639.828092,3731258.995,26.28983333,0.39725
610,LAO,2007,Lao People's Democratic Republic,44921.95482,26424518.37,,
609,KNA,2007,Saint Kitts and Nevis,2.79596826,1370.951878,,
608,KHM,2007,Cambodia,35533.31213,21644452.9,27.24183333,0.232166667
607,KEN,2007,Kenya,3439.517216,2011516.525,24.78875,0.367166667
606,JAM,2007,Jamaica,227.4164375,123394.492,27.01391667,0.429333333
605,IND,2007,India,17208.14903,9327527.294,24.64991667,0.175916667
604,IDN,2007,Indonesia,525993.1797,460029463.9,26.29308333,0.180583333
603,HTI,2007,Haiti,38.52364232,19048.95678,27.28825,0.31575
602,HND,2007,Honduras,12660.1349,7011376.665,25.38341667,0.328666667
601,GUY,2007,Guyana,3346.287302,2357011.094,26.70875,0.420166667
600,GUF,2007,French Guiana,2421.408539,1930992.742,26.5195,0.2935
599,GTM,2007,Guatemala,46827.40339,22257356.21,23.8185,0.2405
598,GNQ,2007,Equatorial Guinea,1526.782398,992835.939,25.77366667,0.404
597,GNB,2007,Guinea-Bissau,65.21651448,20134.71408,,
596,GLP,2007,Guadeloupe,4.659584292,2637.974085,27.38241667,0.2305
595,GIN,2007,Guinea,1035.124663,507533.6666,26.31733333,0.478083333
594,GHA,2007,Ghana,3015.545599,1377462.651,27.62766667,0.309916667
593,GAB,2007,Gabon,10584.42183,6748435.119,25.06358333,0.4515
592,FJI,2007,Fiji,127.3059207,74399.88026,26.05533333,0.267666667
591,ETH,2007,Ethiopia,5518.410296,3435631.38,23.724,0.457333333
590,ECU,2007,Ecuador,6994.813904,5083414.716,22.35975,0.426
589,DOM,2007,Dominican Republic,955.965678,398582.941,26.626,0.29025
588,DMA,2007,Dominica,7.71936338,4438.246223,27.09441667,0.227083333
587,CYM,2007,Cayman Islands,1.814092702,357.5551716,27.62391667,0.326083333
586,CUB,2007,Cuba,464.6812145,127822.3023,26.27975,0.309166667
585,CRI,2007,Costa Rica,845.4449793,496540.7476,26.38291667,0.413583333
584,COM,2007,Comoros,9.792014348,5684.235389,26.60458333,0.33
583,COL,2007,Colombia,95539.174,60496753.71,25.494,0.21775
582,COG,2007,Congo,13688.8941,8446681.682,25.22975,0.403166667
581,COD,2007,"Congo, Democratic Republic of the",154990.5537,106846699,,
580,CMR,2007,Cameroon,18347.2487,11729302.9,25.20983333,0.532416667
579,CIV,2007,Côte d'Ivoire,17323.11063,7892506.289,,
578,CHN,2007,China,7513.896324,4155551.884,8.12675,0.13575
577,CAF,2007,Central African Republic,8400.455844,5365416.927,26.06783333,0.5095
576,BTN,2007,Bhutan,186.0881914,126946.7136,12.6995,0.311416667
575,BRN,2007,Brunei Darussalam,639.473947,548241.7707,,
574,BRA,2007,Brazil,1149563.433,709473143.8,25.668,0.167333333
573,BOL,2007,Bolivia (Plurinational State of),114376.0098,60484107.39,,
572,BLZ,2007,Belize,4123.029278,1878834.729,25.85875,0.233
571,BHS,2007,Bahamas,8.515431406,1425.19729,26.03475,0.326
570,BGD,2007,Bangladesh,369.726854,220934.1627,25.34375,0.308
569,BES,2007,"Bonaire, Sint Eustatius and Saba",0.220343462,62.66154775,,
568,BEN,2007,Benin,0.076294988,26.39389575,28.0705,0.414333333
567,BDI,2007,Burundi,13.98292882,7817.408429,20.58091667,0.423666667
566,AUS,2007,Australia,14.19914698,6284.977629,22.48675,0.157833333
565,ARG,2007,Argentina,18688.0254,6900818.443,14.62808333,0.189
564,AGO,2007,Angola,8060.488455,4776327.884,22.42708333,0.73925
563,ZWE,2006,Zimbabwe,25.50500985,12590.20446,21.61875,0.315
562,ZMB,2006,Zambia,277.0529286,129227.759,21.78425,0.423333333
561,ZAF,2006,South Africa,438.8590684,227821.8887,17.5975,0.258166667
560,VUT,2006,Vanuatu,68.08932525,38710.22568,,
559,VNM,2006,Viet Nam,20138.14192,12507483.02,,
558,VIR,2006,Virgin Islands (U.S.),1.608698853,734.6761044,,
557,VGB,2006,Virgin Islands (British),1.169384036,469.0989857,,
556,VEN,2006,Venezuela (Bolivarian Republic of),14243.9077,7986757.451,,
555,VCT,2006,Saint Vincent and the Grenadines,0.074944515,46.81912004,,
554,USA,2006,United States of America,20.03894282,8576.567839,,
553,UGA,2006,Uganda,2891.146908,1603907.994,23.77008333,0.444333333
552,TZA,2006,"Tanzania, United Republic of",738.6781481,350762.123,,
551,TWN,2006,"Taiwan, Province of China",308.5658284,191438.8147,,
550,TTO,2006,Trinidad and Tobago,120.9831265,66252.41747,,
549,THA,2006,Thailand,9554.232428,5560253.092,26.74483333,0.222
548,TGO,2006,Togo,0.229169341,65.94766823,27.7685,0.315583333
547,TCA,2006,Turks and Caicos Islands,1.072545161,202.7011801,,
546,SXM,2006,Sint Maarten (Dutch part),0.073243187,20.84401449,,
545,SUR,2006,Suriname,1892.557355,1496058.206,27.04566667,0.422916667
544,SSD,2006,South Sudan,46.72494901,27692.89846,,
543,SLV,2006,El Salvador,47.8574496,25503.1475,25.7585,0.365083333
542,SLE,2006,Sierra Leone,786.6599126,372082.4512,26.71775,0.457416667
541,SLB,2006,Solomon Islands,2495.695986,2040209.28,27.20741667,0.356416667
540,SGP,2006,Singapore,0.230731556,133.2251473,27.32841667,0.246333333
539,SEN,2006,Senegal,0.150367358,55.19693501,28.63075,0.409833333
538,RWA,2006,Rwanda,39.35351762,25013.69629,20.16283333,0.581333333
537,PRY,2006,Paraguay,27948.99362,9753946.122,24.37658333,0.325166667
536,PRI,2006,Puerto Rico,81.81190587,45247.33178,26.45225,0.270833333
535,PNG,2006,Papua New Guinea,24784.75429,20710076.94,24.739,0.346333333
534,PLW,2006,Palau,17.01434527,14162.39993,27.81441667,0.302583333
533,PHL,2006,Philippines,7143.548762,4835492.231,27.17808333,0.223166667
532,PER,2006,Peru,58812.64877,39179686.48,20.541,0.368
531,PAN,2006,Panama,4570.559684,2802967.317,27.13175,0.327166667
530,NPL,2006,Nepal,249.6468041,168188.0992,16.056,0.383
529,NIC,2006,Nicaragua,8819.84287,5116649.37,26.93608333,0.264166667
528,NGA,2006,Nigeria,3457.781049,1342451.953,27.79508333,0.341916667
527,MYS,2006,Malaysia,113080.4879,96384187.6,26.57766667,0.203416667
526,MWI,2006,Malawi,16.47069979,8520.875556,22.10216667,0.342416667
525,MTQ,2006,Martinique,3.499449193,1989.605563,27.14858333,0.276083333
524,MSR,2006,Montserrat,3.614165241,1962.897392,27.41241667,0.287833333
523,MOZ,2006,Mozambique,278.6085436,126346.4239,24.30341667,0.27575
522,MMR,2006,Myanmar,23065.6498,13893090.98,,
521,MEX,2006,Mexico,19397.94228,8406647.431,21.41808333,0.236666667
520,MDV,2006,Maldives,0.459112582,0,,
519,MDG,2006,Madagascar,12814.1892,7006221.878,23.66116667,0.390833333
518,MAF,2006,Saint Martin (French part),0.659068405,238.7263273,,
517,LKA,2006,Sri Lanka,413.1291587,185045.3626,27.572,0.369083333
516,LCA,2006,Saint Lucia,1.868228405,1055.399447,27.69216667,0.249416667
515,LBR,2006,Liberia,6005.177148,2923298.899,26.18316667,0.401
514,LAO,2006,Lao People's Democratic Republic,33977.92894,20157217.17,,
513,KNA,2006,Saint Kitts and Nevis,7.799609496,3836.441789,,
512,KHM,2006,Cambodia,43256.09017,26237492.82,27.41391667,0.257833333
511,KEN,2006,Kenya,3339.872263,1875375.966,24.82008333,0.344166667
510,JAM,2006,Jamaica,456.8436802,240183.1618,27.03416667,0.509833333
509,IND,2006,India,15125.48558,8123985.683,24.73208333,0.218833333
508,IDN,2006,Indonesia,468382.0359,412825673.3,26.38175,0.21275
507,HTI,2006,Haiti,21.95558692,10756.86334,27.22225,0.485333333
506,HND,2006,Honduras,14165.52696,7886701.33,25.58991667,0.284583333
505,GUY,2006,Guyana,3744.201588,2652332.374,26.82108333,0.4255
504,GUF,2006,French Guiana,1943.565764,1566815.127,26.61783333,0.464833333
503,GTM,2006,Guatemala,18336.68055,8826432.819,23.80825,0.281666667
502,GNQ,2006,Equatorial Guinea,761.3765075,494060.0931,25.78541667,0.44375
501,GNB,2006,Guinea-Bissau,48.84465674,15006.38852,,
500,GLP,2006,Guadeloupe,2.957842734,1648.332359,27.36058333,0.27975
499,GIN,2006,Guinea,235.0868538,115610.7158,26.12058333,0.46775
498,GHA,2006,Ghana,3653.715514,1597542.859,27.58158333,0.28975
497,GAB,2006,Gabon,10494.88136,6557325.722,25.15775,0.406
496,FJI,2006,Fiji,168.3176254,95893.69852,25.6315,0.2975
495,ETH,2006,Ethiopia,2562.247338,1480381.37,23.77808333,0.39875
494,ECU,2006,Ecuador,6438.102397,4529532.957,22.60316667,0.372833333
493,DOM,2006,Dominican Republic,535.0648839,227997.3857,26.58566667,0.4535
492,DMA,2006,Dominica,4.676939558,2762.127741,27.14858333,0.276083333
491,CYM,2006,Cayman Islands,2.980915703,868.828722,27.49475,0.487666667
490,CUB,2006,Cuba,467.4698314,146275.2104,26.1545,0.332
489,CRI,2006,Costa Rica,712.8356093,417001.4273,26.51491667,0.33775
488,COM,2006,Comoros,2.262172379,1466.621407,26.46583333,0.366333333
487,COL,2006,Colombia,56050.96674,34468764.2,25.47658333,0.271083333
486,COG,2006,Congo,11788.06633,7445527.867,25.28266667,0.407916667
485,COD,2006,"Congo, Democratic Republic of the",146457.1037,98410125.88,,
484,CMR,2006,Cameroon,14845.90192,9304241.578,25.29341667,0.506666667
483,CIV,2006,Côte d'Ivoire,16767.60593,7319610.222,,
482,CHN,2006,China,4804.340232,2719281.456,7.948,0.18975
481,CAF,2006,Central African Republic,5684.245533,3797225.448,26.20508333,0.60675
480,BTN,2006,Bhutan,256.3030739,183212.2421,12.854,0.3995
479,BRN,2006,Brunei Darussalam,442.3509929,368211.1548,,
478,BRA,2006,Brazil,1415580.298,895130042.6,25.517,0.236
477,BOL,2006,Bolivia (Plurinational State of),118804.1537,62327654.52,,
476,BLZ,2006,Belize,1896.834142,887796.7938,25.7085,0.2945
475,BHS,2006,Bahamas,17.14283582,748.1203509,25.71575,0.359583333
474,BGD,2006,Bangladesh,677.3153477,403248.9803,25.76566667,0.273833333
473,BES,2006,"Bonaire, Sint Eustatius and Saba",2.495911979,18.82452016,,
472,BEN,2006,Benin,0.076480404,21.83814522,28.14433333,0.266
471,BDI,2006,Burundi,5.762077862,3197.825778,21.06633333,0.657
470,ARG,2006,Argentina,24100.81245,8982850.089,15.56108333,0.241916667
469,AGO,2006,Angola,1400.688881,725597.6228,21.94708333,0.7335
468,ABW,2006,Aruba,0.075162391,22.19623529,28.80466667,0.373416667
467,ZWE,2005,Zimbabwe,27.48407887,14896.20331,22.50991667,0.272333333
466,ZMB,2005,Zambia,242.9123214,112851.7237,22.8135,0.474916667
465,ZAF,2005,South Africa,522.3286888,275321.5663,18.21791667,0.231416667
464,VUT,2005,Vanuatu,52.84166512,31745.07702,,
463,VNM,2005,Viet Nam,27778.73598,16602536.25,,
462,VIR,2005,Virgin Islands (U.S.),0.365617449,117.0180689,,
461,VGB,2005,Virgin Islands (British),1.607877277,667.3742927,,
460,VEN,2005,Venezuela (Bolivarian Republic of),15565.21658,8444440.751,,
459,VCT,2005,Saint Vincent and the Grenadines,3.071818623,1751.36154,,
458,USA,2005,United States of America,10.97109244,5027.873613,,
457,UMI,2005,United States Minor Outlying Islands,45.75755088,0,,
456,UGA,2005,Uganda,2899.400484,1732290.168,24.02983333,0.517416667
455,TZA,2005,"Tanzania, United Republic of",751.1108966,381253.7045,,
454,TWN,2005,"Taiwan, Province of China",274.2454257,165124.2629,,
453,TTO,2005,Trinidad and Tobago,94.22882642,52921.54757,,
452,THA,2005,Thailand,10678.21795,6287617.636,26.83316667,0.196333333
451,TGO,2005,Togo,1.604137988,443.4767702,27.76666667,0.260083333
450,TCA,2005,Turks and Caicos Islands,5.077242212,747.2702189,,
449,SXM,2005,Sint Maarten (Dutch part),0.439419286,154.8005573,,
448,SUR,2005,Suriname,1808.216292,1385589.18,27.48391667,0.422166667
447,SSD,2005,South Sudan,46.26448747,26819.69513,,
446,SLV,2005,El Salvador,31.28639773,17455.37049,25.62283333,0.3345
445,SLE,2005,Sierra Leone,166.6914194,77589.23128,27.02858333,0.462416667
444,SLB,2005,Solomon Islands,3842.559817,3147224.14,27.38333333,0.431
443,SEN,2005,Senegal,0.075116425,12.91013816,28.95508333,0.411916667
442,RWA,2005,Rwanda,14.29623145,9352.655463,20.43258333,0.8205
441,PRY,2005,Paraguay,57704.73118,20356692.08,23.82008333,0.319583333
440,PRI,2005,Puerto Rico,54.17298764,29341.90722,26.42966667,0.250166667
439,PNG,2005,Papua New Guinea,16365.19274,13563018.79,25.03375,0.314
438,PLW,2005,Palau,15.64008217,12912.25419,27.71875,0.314666667
437,PHL,2005,Philippines,6332.623462,4274611.663,27.14433333,0.22125
436,PER,2005,Peru,97398.75877,64337985.08,20.45058333,0.420583333
435,PAN,2005,Panama,2336.469635,1450909.662,27.085,0.370166667
434,NPL,2005,Nepal,234.5690564,164438.0962,15.61616667,0.359583333
433,NIC,2005,Nicaragua,11309.70909,6527422.442,26.8385,0.262083333
432,NGA,2005,Nigeria,1922.275349,770526.1742,27.72458333,0.433416667
431,MYS,2005,Malaysia,114495.837,97583837.32,26.64958333,0.184833333
430,MWI,2005,Malawi,5.791413776,2790.137046,22.81116667,0.4045
429,MTQ,2005,Martinique,7.371113733,4281.755509,27.31925,0.196583333
428,MSR,2005,Montserrat,9.515804231,5364.343762,27.55525,0.215583333
427,MOZ,2005,Mozambique,278.9954507,126860.4255,24.83375,0.332333333
426,MMR,2005,Myanmar,23420.62315,14510207.35,,
425,MEX,2005,Mexico,23057.64645,10314067.14,21.4135,0.19425
424,MDV,2005,Maldives,0.305949484,0,,
423,MDG,2005,Madagascar,22511.84569,12352199.25,23.62183333,0.349416667
422,MAF,2005,Saint Martin (French part),1.098477028,371.8763506,,
421,LKA,2005,Sri Lanka,546.6412891,225061.6979,27.72383333,0.294
420,LCA,2005,Saint Lucia,5.531324158,3359.820938,27.85866667,0.21375
419,LBR,2005,Liberia,2168.342634,1029702.362,26.29091667,0.336916667
418,LAO,2005,Lao People's Democratic Republic,21601.35743,12903790.39,,
417,KNA,2005,Saint Kitts and Nevis,4.561392075,2289.603487,,
416,KHM,2005,Cambodia,35968.71377,20834789.15,27.39,0.27225
415,KEN,2005,Kenya,1703.29024,974672.4532,25.13366667,0.305083333
414,JAM,2005,Jamaica,3164.159573,1685860.767,26.835,0.401666667
413,IND,2005,India,15147.70268,8384550.876,24.49541667,0.181583333
412,IDN,2005,Indonesia,478405.8126,471942849.7,26.45375,0.1825
411,HTI,2005,Haiti,36.6076744,16037.98666,27.18058333,0.43225
410,HND,2005,Honduras,14157.54386,7875781.658,25.62641667,0.295583333
409,GUY,2005,Guyana,3578.781431,2519796.098,27.06833333,0.37475
408,GUF,2005,French Guiana,2028.103581,1599813.214,27.19891667,0.533833333
407,GTM,2005,Guatemala,33387.58261,14988103.58,23.94825,0.257166667
406,GNQ,2005,Equatorial Guinea,900.4838564,567951.4158,25.62391667,0.40075
405,GNB,2005,Guinea-Bissau,76.2634267,19801.66849,,
404,GLP,2005,Guadeloupe,6.806240693,3844.726025,27.50908333,0.205
403,GIN,2005,Guinea,270.5780753,119248.683,26.50725,0.426833333
402,GHA,2005,Ghana,3405.59776,1532829.978,27.60116667,0.2175
401,GAB,2005,Gabon,10815.80177,6932595.257,24.96541667,0.320916667
400,FJI,2005,Fiji,153.4365527,87863.99968,25.64341667,0.28175
399,ETH,2005,Ethiopia,2302.292189,1204884.643,23.89691667,0.4855
398,ECU,2005,Ecuador,6205.423351,4586441.284,22.5295,0.368416667
397,DOM,2005,Dominican Republic,4977.017619,1930940.042,26.52116667,0.396333333
396,DMA,2005,Dominica,13.28584509,7637.420201,27.31925,0.196583333
395,CYM,2005,Cayman Islands,2.471580316,857.2511773,27.55108333,0.2555
394,CUB,2005,Cuba,1023.73536,321690.7142,26.14408333,0.315666667
393,CRI,2005,Costa Rica,868.4347018,494422.6268,26.40425,0.387
392,COM,2005,Comoros,6.402521196,3745.609447,26.68216667,0.278166667
391,COL,2005,Colombia,58906.21359,37184027.91,25.67083333,0.235
390,COG,2005,Congo,8608.226053,5329241.17,25.26891667,0.308583333
389,COD,2005,"Congo, Democratic Republic of the",149894.2068,100698019.9,,
388,CMR,2005,Cameroon,11078.70255,7054735.562,25.26783333,0.535916667
387,CIV,2005,Côte d'Ivoire,6007.014657,2421895.939,,
386,CHN,2005,China,3075.793464,1728350.647,7.4135,0.169
385,CAF,2005,Central African Republic,5466.014431,3526496.656,26.33216667,0.598083333
384,BTN,2005,Bhutan,315.956894,219414.9639,12.44591667,0.324666667
383,BRN,2005,Brunei Darussalam,602.9876472,482266.3677,,
382,BRA,2005,Brazil,1824425.467,1166065795,25.806,0.16375
381,BOL,2005,Bolivia (Plurinational State of),137830.8003,73808842.69,,
380,BLZ,2005,Belize,3208.314477,1484564.246,25.919,0.281833333
379,BHS,2005,Bahamas,2.832322236,267.4803553,25.80166667,0.294833333
378,BGD,2005,Bangladesh,306.0067914,177017.5468,25.532,0.294
377,BEN,2005,Benin,0.229063193,75.08890426,28.15333333,0.283
376,BDI,2005,Burundi,15.44141163,8688.913541,21.44216667,0.827166667
375,AUS,2005,Australia,0.607464489,216.5193435,22.89683333,0.155666667
374,ARG,2005,Argentina,31423.82097,11399588.8,15.11283333,0.19525
373,AGO,2005,Angola,3110.38523,1772015.044,22.96608333,0.827083333
372,ZWE,2004,Zimbabwe,20.61857423,11315.26853,21.33091667,0.329083333
371,ZMB,2004,Zambia,431.9064274,199617.7143,21.76808333,0.423833333
370,ZAF,2004,South Africa,430.2130753,216413.7981,18.08283333,0.264583333
369,VUT,2004,Vanuatu,110.1935078,62841.2426,,
368,VNM,2004,Viet Nam,21113.33596,12358332.62,,
367,VIR,2004,Virgin Islands (U.S.),6.581190218,2713.013785,,
366,VGB,2004,Virgin Islands (British),0.950051811,379.5671692,,
365,VEN,2004,Venezuela (Bolivarian Republic of),15923.98275,8755855.904,,
364,VCT,2004,Saint Vincent and the Grenadines,2.098625523,1183.039383,,
363,USA,2004,United States of America,31.69462982,13600.86709,,
362,UGA,2004,Uganda,1587.098932,963893.2557,23.81191667,0.514416667
361,TZA,2004,"Tanzania, United Republic of",724.4818356,343614.8087,,
360,TWN,2004,"Taiwan, Province of China",387.5692609,241906.4006,,
359,TTO,2004,Trinidad and Tobago,152.3071259,83995.35404,,
358,THA,2004,Thailand,8034.232678,4688046.006,26.5,0.218416667
357,TGO,2004,Togo,0.07638703,21.5561808,27.53491667,0.281833333
356,TCA,2004,Turks and Caicos Islands,2.287952296,385.1840256,,
355,SXM,2004,Sint Maarten (Dutch part),0.292947343,88.89453084,,
354,SUR,2004,Suriname,2814.208734,2171601.052,27.15033333,0.328583333
353,SSD,2004,South Sudan,80.87638343,48463.88445,,
352,SLV,2004,El Salvador,77.72682384,45724.86309,25.74258333,0.3655
351,SLE,2004,Sierra Leone,234.562535,101785.8705,26.97891667,0.602916667
350,SLB,2004,Solomon Islands,2200.657925,1822014.499,27.17858333,0.482833333
349,SEN,2004,Senegal,0.075111266,21.64123181,28.85208333,0.457416667
348,RWA,2004,Rwanda,6.99410999,4451.032169,20.08491667,0.624416667
347,PRY,2004,Paraguay,65084.53106,24088895.86,23.8045,0.270166667
346,PRI,2004,Puerto Rico,58.93001494,32509.82042,26.0995,0.26275
345,PNG,2004,Papua New Guinea,25102.87715,20844656.8,24.90891667,0.377833333
344,PLW,2004,Palau,7.019062289,6028.087186,27.88891667,0.429833333
343,PHL,2004,Philippines,7078.365828,4864096.496,27.08983333,0.213083333
342,PER,2004,Peru,62035.26671,41649819.35,20.44308333,0.356333333
341,PAN,2004,Panama,2478.124985,1513945.448,27.10591667,0.323916667
340,NPL,2004,Nepal,174.51839,111842.4762,15.55183333,0.387916667
339,NIC,2004,Nicaragua,3182.503925,1802798.516,26.77858333,0.268916667
338,NGA,2004,Nigeria,3055.251187,1115836.267,27.5695,0.311833333
337,MYS,2004,Malaysia,113421.7464,96582262.35,26.576,0.211083333
336,MWI,2004,Malawi,6.202598599,2859.874335,21.86591667,0.384333333
335,MTQ,2004,Martinique,13.40168519,7590.599653,26.82966667,0.259
334,MSR,2004,Montserrat,3.466301944,1953.006832,27.093,0.23825
333,MOZ,2004,Mozambique,184.787216,76473.78697,24.07258333,0.328166667
332,MMR,2004,Myanmar,23286.00527,13943604.23,,
331,MEX,2004,Mexico,18119.2792,8042829.452,20.92483333,0.2085
330,MDV,2004,Maldives,0.688336507,102.0615679,,
329,MDG,2004,Madagascar,20280.68792,11254369.54,23.453,0.312916667
328,MAF,2004,Saint Martin (French part),0.878766461,366.1577056,,
327,LKA,2004,Sri Lanka,466.7371875,186529.4237,27.60633333,0.300833333
326,LCA,2004,Saint Lucia,6.951812993,3737.163498,27.37791667,0.266916667
325,LBR,2004,Liberia,1782.419963,867652.5921,26.2835,0.44125
324,LAO,2004,Lao People's Democratic Republic,17946.90051,10594217.3,,
323,KNA,2004,Saint Kitts and Nevis,4.192778615,2131.690543,,
322,KHM,2004,Cambodia,44062.85745,24870627.92,27.17941667,0.2475
321,KEN,2004,Kenya,2973.6922,1668480.033,24.86708333,0.244916667
320,JAM,2004,Jamaica,979.7668086,501046.0475,26.90383333,0.431083333
319,IND,2004,India,19166.08648,10436040.73,24.63458333,0.199
318,IDN,2004,Indonesia,479153.2768,469104008.6,26.43483333,0.198
317,HTI,2004,Haiti,52.92761232,26257.15863,27.17766667,0.414916667
316,HND,2004,Honduras,7114.626164,3870336.434,25.46391667,0.28275
315,GUY,2004,Guyana,2630.277363,1836933.451,26.8715,0.34525
314,GUF,2004,French Guiana,3268.537432,2601354.05,26.73475,0.38875
313,GTM,2004,Guatemala,17270.27777,8115682.085,23.79791667,0.292583333
312,GNQ,2004,Equatorial Guinea,210.8255151,131109.6763,25.59416667,0.368083333
311,GNB,2004,Guinea-Bissau,75.94738958,23240.4157,,
310,GLP,2004,Guadeloupe,8.58169741,4900.168615,27.0415,0.234333333
309,GIN,2004,Guinea,552.595774,257325.1107,26.40416667,0.506333333
308,GHA,2004,Ghana,1582.796552,710597.7504,27.41583333,0.239916667
307,GAB,2004,Gabon,5698.650925,3640259.756,24.85325,0.3165
306,FJI,2004,Fiji,231.1456227,129542.3931,25.50775,0.301666667
305,ETH,2004,Ethiopia,2729.930304,1510303.864,23.77866667,0.439166667
304,ECU,2004,Ecuador,5436.247176,3778515.543,22.64791667,0.415916667
303,DOM,2004,Dominican Republic,1065.76079,459627.8313,26.35875,0.342833333
302,DMA,2004,Dominica,22.12330751,12851.31947,26.82966667,0.259
301,CYM,2004,Cayman Islands,2.108558363,513.4772049,27.58591667,0.52025
300,CUB,2004,Cuba,651.6400525,175548.201,26.26891667,0.4025
299,CRI,2004,Costa Rica,602.671167,357036.4756,26.5285,0.319
298,COM,2004,Comoros,4.144770157,2515.986803,26.39191667,0.288333333
297,COL,2004,Colombia,81694.74884,50889340.39,25.55391667,0.244333333
296,COG,2004,Congo,4995.598941,3010576.53,25.12816667,0.348333333
295,COD,2004,"Congo, Democratic Republic of the",123521.1599,82445718.75,,
294,CMR,2004,Cameroon,9049.345236,5709198.589,25.17083333,0.46075
293,CIV,2004,Côte d'Ivoire,11228.83703,4850643.571,,
292,CHN,2004,China,3421.80221,1857085.985,7.71275,0.19625
291,CAF,2004,Central African Republic,4096.378749,2663477.991,26.14,0.560666667
290,BTN,2004,Bhutan,337.1719236,225440.6375,12.20808333,0.3785
289,BRN,2004,Brunei Darussalam,584.7823786,461995.9397,,
288,BRA,2004,Brazil,2016477.159,1234223138,25.4965,0.198
287,BOL,2004,Bolivia (Plurinational State of),96610.91727,50554318.61,,
286,BLZ,2004,Belize,2102.643886,924440.5967,25.74408333,0.281416667
285,BHS,2004,Bahamas,4.511566501,981.2345344,25.84975,0.33775
284,BGD,2004,Bangladesh,347.5618805,190477.9957,25.38633333,0.38825
283,BES,2004,"Bonaire, Sint Eustatius and Saba",0.07346776,25.39684158,,
282,BDI,2004,Burundi,2.765842286,1615.473617,20.96041667,0.65325
281,AUS,2004,Australia,0.455535112,159.0551733,22.28691667,0.164
280,ARG,2004,Argentina,28083.66112,10173639.43,15.44216667,0.215416667
279,AGO,2004,Angola,2354.976328,1341360.077,22.57283333,0.835333333
278,ZWE,2003,Zimbabwe,8.620148177,4743.599195,21.89125,0.401333333
277,ZMB,2003,Zambia,133.0735566,60680.385,22.15675,0.44025
276,ZAF,2003,South Africa,326.881364,170479.9973,18.26166667,0.28975
275,VUT,2003,Vanuatu,329.7950175,190632.0231,,
274,VNM,2003,Viet Nam,9522.161011,5432312.546,,
273,VIR,2003,Virgin Islands (U.S.),0.804348478,368.5649364,,
272,VGB,2003,Virgin Islands (British),0.438500356,184.0123432,,
271,VEN,2003,Venezuela (Bolivarian Republic of),20775.2784,11835404.09,,
270,VCT,2003,Saint Vincent and the Grenadines,0.524646321,231.3554232,,
269,USA,2003,United States of America,8.930563973,4000.99371,,
268,UGA,2003,Uganda,1521.071507,918633.0458,23.84383333,0.485583333
267,TZA,2003,"Tanzania, United Republic of",726.593395,367144.52,,
266,TWN,2003,"Taiwan, Province of China",65.20640406,38291.29335,,
265,TTO,2003,Trinidad and Tobago,50.11670488,27628.20651,,
264,THA,2003,Thailand,4246.349856,2481086.516,26.649,0.236666667
263,TGO,2003,Togo,1.527748518,457.2439805,27.66675,0.299916667
262,TCA,2003,Turks and Caicos Islands,1.788533469,285.7343931,,
261,SXM,2003,Sint Maarten (Dutch part),0.146484139,39.63173903,,
260,SUR,2003,Suriname,2243.051495,1694453.429,27.19558333,0.361666667
259,SSD,2003,South Sudan,48.34699545,29032.25978,,
258,SLV,2003,El Salvador,9.583359458,5538.890861,25.72408333,0.497083333
257,SLE,2003,Sierra Leone,176.1908548,81139.71588,26.99241667,0.755916667
256,SLB,2003,Solomon Islands,1276.217859,1037798.103,27.37975,0.419583333
255,SEN,2003,Senegal,0.225447225,52.27571283,28.70416667,0.429916667
254,RWA,2003,Rwanda,28.97537139,17195.92456,20.09433333,0.579666667
253,PRY,2003,Paraguay,74443.58742,23964584.68,24.26383333,0.437083333
252,PRI,2003,Puerto Rico,83.34167229,46101.7662,26.51066667,0.265166667
251,PNG,2003,Papua New Guinea,15365.85033,12980676.33,25.06683333,0.3135
250,PLW,2003,Palau,3.356908157,2575.909715,27.62958333,0.354
249,PHL,2003,Philippines,4274.66199,2903759.479,27.01483333,0.253
248,PER,2003,Peru,43732.98104,29364852.54,20.48558333,0.326416667
247,PAN,2003,Panama,1574.859548,949136.53,27.24841667,0.354166667
246,NPL,2003,Nepal,284.6296925,193623.0652,15.47025,0.3915
245,NIC,2003,Nicaragua,5123.653703,2905216.778,26.93225,0.32575
244,NGA,2003,Nigeria,1830.250959,678025.8603,27.429,0.4305
243,MYS,2003,Malaysia,60415.79558,51375116.69,26.57675,0.234666667
242,MWI,2003,Malawi,9.662507816,4731.980365,22.2335,0.43575
241,MTQ,2003,Martinique,6.702699431,3381.545808,27.08,0.255916667
240,MSR,2003,Montserrat,0.36880607,201.9831624,27.46166667,0.290916667
239,MOZ,2003,Mozambique,91.65641669,39571.09951,24.42325,0.354333333
238,MMR,2003,Myanmar,13768.18041,8324548.877,,
237,MEX,2003,Mexico,17924.50715,7733451.874,21.32941667,0.2685
236,MDV,2003,Maldives,0.688866333,29.78688272,,
235,MDG,2003,Madagascar,15319.57963,8427511.431,23.49525,0.330166667
234,MAF,2003,Saint Martin (French part),2.416633694,919.9452053,,
233,LKA,2003,Sri Lanka,991.4236056,372709.7791,27.79741667,0.352833333
232,LCA,2003,Saint Lucia,1.868305291,1120.323601,27.60766667,0.2505
231,LBR,2003,Liberia,4820.838077,2325075.487,26.38691667,0.610333333
230,LAO,2003,Lao People's Democratic Republic,20470.79879,12087392.1,,
229,KNA,2003,Saint Kitts and Nevis,5.002769323,1962.944627,,
228,KHM,2003,Cambodia,24054.02849,13069606.83,27.29941667,0.2925
227,KEN,2003,Kenya,1568.125308,959450.6074,24.85833333,0.322
226,JAM,2003,Jamaica,152.3676023,82678.68474,27.06583333,0.447333333
225,IND,2003,India,10845.98158,5780676.316,24.64991667,0.2565
224,IDN,2003,Indonesia,248435.5929,196468859.8,26.4455,0.221916667
223,HTI,2003,Haiti,14.33538364,6574.594207,27.33433333,0.395666667
222,HND,2003,Honduras,8855.603422,4846409.092,25.54875,0.355083333
221,GUY,2003,Guyana,4216.483439,2840773.759,27.00366667,0.472666667
220,GUF,2003,French Guiana,1267.399619,1007975.286,26.77933333,0.446166667
219,GTM,2003,Guatemala,24304.71989,10749519.14,23.99383333,0.36275
218,GNQ,2003,Equatorial Guinea,960.2635304,620071.0115,25.62741667,0.4335
217,GNB,2003,Guinea-Bissau,14.26996006,4151.48982,,
216,GLP,2003,Guadeloupe,3.84483877,2043.117586,27.38675,0.275416667
215,GIN,2003,Guinea,287.4373998,134917.7944,26.40975,0.641
214,GHA,2003,Ghana,1875.104673,828881.9484,27.5335,0.271083333
213,GAB,2003,Gabon,10674.32098,6714775.942,24.912,0.367333333
212,FJI,2003,Fiji,53.21087267,30054.39502,25.44666667,0.325833333
211,ETH,2003,Ethiopia,2542.491985,1558829.981,23.85716667,0.54525
210,ECU,2003,Ecuador,3378.985129,2453480.58,22.66833333,0.375916667
209,DOM,2003,Dominican Republic,460.635688,192295.4683,26.62633333,0.3665
208,DMA,2003,Dominica,9.724574715,5622.54516,27.08,0.255916667
207,CUB,2003,Cuba,201.5848533,50373.15702,26.36158333,0.38025
206,CRI,2003,Costa Rica,591.0626345,340575.1433,26.5775,0.315666667
205,COM,2003,Comoros,3.314248884,1861.53996,26.6005,0.382916667
204,COL,2003,Colombia,32049.99556,19850131.46,25.65533333,0.288916667
203,COG,2003,Congo,9875.142345,6018907.066,25.05675,0.340416667
202,COD,2003,"Congo, Democratic Republic of the",78138.09808,52866416.41,,
201,CMR,2003,Cameroon,9967.206811,6467740.597,25.01233333,0.4195
200,CIV,2003,Côte d'Ivoire,16572.56238,6994245.353,,
199,CHN,2003,China,1590.321108,873899.2289,7.522,0.217833333
198,CAF,2003,Central African Republic,3025.742943,2013264.78,26.01483333,0.477583333
197,BTN,2003,Bhutan,84.66540713,53889.55349,12.23258333,0.37525
196,BRN,2003,Brunei Darussalam,379.4345488,297943.5228,,
195,BRA,2003,Brazil,1570575.591,919839231.7,25.621,0.231083333
194,BOL,2003,Bolivia (Plurinational State of),77166.55543,40881134.87,,
193,BLZ,2003,Belize,2997.824421,1417805.71,25.86533333,0.402
192,BHS,2003,Bahamas,0.211689654,13.31965411,26.18033333,0.398416667
191,BGD,2003,Bangladesh,266.9183376,162118.2752,25.28083333,0.371
190,BES,2003,"Bonaire, Sint Eustatius and Saba",7.120734361,0,,
189,BDI,2003,Burundi,51.55890953,29639.57818,20.93133333,0.595916667
188,AUS,2003,Australia,0.607264592,231.630953,22.44033333,0.225166667
187,ARG,2003,Argentina,14448.23558,5221023.094,15.51833333,0.254083333
186,AGO,2003,Angola,2963.523062,1715963.825,23.06658333,0.837666667
185,ZWE,2002,Zimbabwe,14.46358336,7470.487947,22.08108333,0.30575
184,ZMB,2002,Zambia,62.401474,30436.32685,22.29241667,0.46975
183,ZAF,2002,South Africa,350.0024631,161856.0894,17.94941667,0.263666667
182,VUT,2002,Vanuatu,18.71587644,10988.22739,,
181,VNM,2002,Viet Nam,11029.9711,6330109.027,,
180,VGB,2002,Virgin Islands (British),0.950060644,403.6438002,,
179,VEN,2002,Venezuela (Bolivarian Republic of),11322.79991,6271981.253,,
178,VCT,2002,Saint Vincent and the Grenadines,0.074952594,45.50711723,,
177,USA,2002,United States of America,12.7115289,5850.544771,,
176,UMI,2002,United States Minor Outlying Islands,4.312646207,0,,
175,UGA,2002,Uganda,667.8105353,375020.014,23.8305,0.439916667
174,TZA,2002,"Tanzania, United Republic of",843.4013503,450086.6023,,
173,TWN,2002,"Taiwan, Province of China",120.6524041,69564.3517,,
172,TTO,2002,Trinidad and Tobago,73.19418375,41261.25604,,
171,THA,2002,Thailand,3856.290085,2282937.562,26.78608333,0.200583333
170,TGO,2002,Togo,2.444499997,690.1378294,27.49725,0.31225
169,SXM,2002,Sint Maarten (Dutch part),0.146474485,36.39964831,,
168,SUR,2002,Suriname,1931.788541,1547389.005,26.90391667,0.281833333
167,SSD,2002,South Sudan,54.32513209,33844.10547,,
166,SLV,2002,El Salvador,52.86365358,30113.67542,25.71041667,0.384416667
165,SLE,2002,Sierra Leone,250.3623649,103442.9679,26.99266667,0.595333333
164,SLB,2002,Solomon Islands,2128.644202,1747798.359,27.37541667,0.430666667
163,SGP,2002,Singapore,0.076916091,37.54891059,27.40608333,0.263
162,SEN,2002,Senegal,0.225414616,56.56977087,28.97816667,0.512333333
161,RWA,2002,Rwanda,4.534828848,2693.357787,19.94725,0.458583333
160,PRY,2002,Paraguay,50508.57058,17674370.23,24.759,0.363166667
159,PRI,2002,Puerto Rico,39.40240781,20783.44079,26.482,0.275916667
158,PNG,2002,Papua New Guinea,23529.78773,19497126,25.09633333,0.288333333
157,PLW,2002,Palau,26.70128954,21948.39239,27.80183333,0.336666667
156,PHL,2002,Philippines,3498.917432,2412763.035,27.08316667,0.198916667
155,PER,2002,Peru,46059.43164,30912304.27,20.536,0.338416667
154,PAN,2002,Panama,1888.88105,1137799.744,27.207,0.336
153,NPL,2002,Nepal,169.5343258,115574.0764,15.64866667,0.35975
152,NIC,2002,Nicaragua,5754.756773,3272008.907,26.66491667,0.309666667
151,NGA,2002,Nigeria,6131.773287,2337083.768,27.46425,0.423
150,MYS,2002,Malaysia,61819.66651,49020707.88,26.7455,0.177083333
149,MWI,2002,Malawi,2.343752487,1023.996275,22.224,0.370833333
148,MTQ,2002,Martinique,2.755443872,1627.209369,26.93566667,0.252416667
147,MSR,2002,Montserrat,0.73769428,382.6768129,27.30575,0.293416667
146,MOZ,2002,Mozambique,143.5607495,61856.33396,24.42816667,0.267333333
145,MMR,2002,Myanmar,12938.64357,7546736.349,,
144,MEX,2002,Mexico,14328.51109,6084817.459,21.225,0.237666667
143,MDG,2002,Madagascar,27039.9755,14630656.86,23.6175,0.360416667
142,MAF,2002,Saint Martin (French part),2.929183128,993.5542097,,
141,LKA,2002,Sri Lanka,524.160339,206939.046,27.79591667,0.342083333
140,LCA,2002,Saint Lucia,1.569656777,881.3165014,27.46283333,0.202666667
139,LBR,2002,Liberia,7330.378416,3493071.763,26.23608333,0.5835
138,LAO,2002,Lao People's Democratic Republic,13700.20876,8054283.262,,
137,KNA,2002,Saint Kitts and Nevis,3.015652092,1450.027257,,
136,KHM,2002,Cambodia,18576.43013,10302424.21,27.55541667,0.278
135,KEN,2002,Kenya,2973.732505,1677954.237,24.66175,0.287
134,JAM,2002,Jamaica,280.4532481,145977.5472,27.00075,0.308333333
133,IND,2002,India,11717.80559,6448720.855,24.913,0.19375
132,IDN,2002,Indonesia,271745.452,244665038.3,26.529,0.190083333
131,HTI,2002,Haiti,17.43798239,8856.684041,27.24966667,0.323833333
130,HND,2002,Honduras,7343.579581,3995347.663,25.43258333,0.334666667
129,GUY,2002,Guyana,2824.670504,1963479.832,26.60808333,0.401333333
128,GUF,2002,French Guiana,1628.444117,1311160.957,26.49175,0.28075
127,GTM,2002,Guatemala,16082.24802,7695374.718,23.83358333,0.282916667
126,GNQ,2002,Equatorial Guinea,1137.859424,729724.9938,25.5265,0.409
125,GNB,2002,Guinea-Bissau,137.3191615,36087.52198,,
124,GLP,2002,Guadeloupe,2.736027748,1576.192884,27.23291667,0.277333333
123,GIN,2002,Guinea,1100.626106,487883.5417,26.51483333,0.5545
122,GHA,2002,Ghana,4438.274187,1972738.523,27.40108333,0.257666667
121,GAB,2002,Gabon,7001.769824,4380839.463,24.83391667,0.4175
120,FJI,2002,Fiji,19.39814813,10919.08208,25.71333333,0.348166667
119,ETH,2002,Ethiopia,1569.223574,944309.1647,23.82325,0.595666667
118,ECU,2002,Ecuador,5692.960591,4160926.605,22.76366667,0.3545
117,DOM,2002,Dominican Republic,451.2364789,173559.2659,26.58125,0.288666667
116,DMA,2002,Dominica,2.00395407,1034.553447,26.93566667,0.252416667
115,CYM,2002,Cayman Islands,0.799714542,164.0934009,27.72275,0.471083333
114,CUB,2002,Cuba,2957.858768,735637.3466,26.313,0.29475
113,CRI,2002,Costa Rica,751.7816886,423855.5657,26.30675,0.3745
112,COM,2002,Comoros,8.287821179,4810.836699,26.65775,0.378
111,COL,2002,Colombia,63301.81044,39581241.57,25.57075,0.261333333
110,COG,2002,Congo,9973.614969,6355598.578,25.04766667,0.393
109,COD,2002,"Congo, Democratic Republic of the",168992.517,112337150.5,,
108,CMR,2002,Cameroon,10611.60059,6749781.594,24.95025,0.433166667
107,CIV,2002,Côte d'Ivoire,24185.72166,10404734.28,,
106,CHN,2002,China,1823.238905,1009992.267,7.795666667,0.168833333
105,CAF,2002,Central African Republic,7005.039471,4503148.544,25.81941667,0.443583333
104,BTN,2002,Bhutan,119.9097674,79334.1661,12.18033333,0.36225
103,BRN,2002,Brunei Darussalam,474.5076639,382949.2428,,
102,BRA,2002,Brazil,1621765.135,964450109,25.80033333,0.16075
101,BOL,2002,Bolivia (Plurinational State of),70601.35638,37019809.29,,
100,BLZ,2002,Belize,5573.869641,2757632.14,25.78733333,0.311833333
99,BHS,2002,Bahamas,0.213571988,35.24862038,26.11625,0.316916667
98,BGD,2002,Bangladesh,619.4067065,378850.5218,25.38033333,0.363416667
97,BEN,2002,Benin,0.229139851,64.19381161,27.8195,0.2995
96,BDI,2002,Burundi,3.918713765,2275.670513,20.74983333,0.500166667
95,AUS,2002,Australia,0.607419741,238.370275,22.46083333,0.170083333
94,ARG,2002,Argentina,9316.61364,3401361.522,15.18375,0.19925
93,AGO,2002,Angola,3499.636273,2046401.834,22.9255,0.753166667
92,ZWE,2001,Zimbabwe,8.993982148,4562.742881,21.69366667,0.314
91,ZMB,2001,Zambia,91.93893608,43479.20811,21.80241667,0.505333333
90,ZAF,2001,South Africa,54.06534504,25739.85162,17.86791667,0.221416667
89,VUT,2001,Vanuatu,17.42882616,10672.83592,,
88,VNM,2001,Viet Nam,12002.35246,6995385.865,,
87,VIR,2001,Virgin Islands (U.S.),0.438710097,208.152714,,
86,VGB,2001,Virgin Islands (British),0.876992507,362.774046,,
85,VEN,2001,Venezuela (Bolivarian Republic of),10437.98149,6070087.192,,
84,VCT,2001,Saint Vincent and the Grenadines,0.074952594,40.91272082,,
83,USA,2001,United States of America,33.53702004,16052.97256,,
82,UGA,2001,Uganda,3741.819698,1908068.143,23.40583333,0.506
81,TZA,2001,"Tanzania, United Republic of",1579.148056,934303.735,,
80,TWN,2001,"Taiwan, Province of China",62.83498421,36446.04451,,
79,TTO,2001,Trinidad and Tobago,83.47129335,39188.93101,,
78,THA,2001,Thailand,2035.386225,1229570.131,26.67983333,0.188916667
77,TGO,2001,Togo,2.444378671,759.4192431,27.4105,0.324916667
76,TCA,2001,Turks and Caicos Islands,0.572026591,95.83695339,,
75,SXM,2001,Sint Maarten (Dutch part),0.073239428,33.84646111,,
74,SUR,2001,Suriname,1144.897275,931813.2183,26.80408333,0.297166667
73,SSD,2001,South Sudan,10.96986719,6526.444069,,
72,SLV,2001,El Salvador,11.15520184,6366.611957,25.49291667,0.308
71,SLE,2001,Sierra Leone,266.8073696,130797.8989,26.82675,0.72175
70,SLB,2001,Solomon Islands,745.6321284,607603.6634,27.44833333,0.411
69,RWA,2001,Rwanda,10.68536001,6769.242401,19.66125,0.5885
68,PRY,2001,Paraguay,13533.82066,5085053.937,24.28825,0.283583333
67,PRI,2001,Puerto Rico,29.02792696,17057.08752,26.27025,0.209666667
66,PNG,2001,Papua New Guinea,10238.09837,8507078.642,25.05466667,0.313166667
65,PLW,2001,Palau,7.324428847,5944.514993,27.75858333,0.245833333
64,PHL,2001,Philippines,1655.139876,1171269.433,27.10425,0.184416667
63,PER,2001,Peru,28698.56957,19578040.7,20.22575,0.306333333
62,PAN,2001,Panama,1186.935577,741808.8557,26.66583333,0.421333333
61,NPL,2001,Nepal,59.36401164,40502.4349,15.59025,0.377333333
60,NIC,2001,Nicaragua,1853.382172,1071311.511,26.41,0.292666667
59,NGA,2001,Nigeria,3494.915244,1382251.03,27.09466667,0.3985
58,MYS,2001,Malaysia,24068.03917,18959188.88,26.50008333,0.153333333
57,MWI,2001,Malawi,2.529924123,1350.88846,21.99875,0.425833333
56,MTQ,2001,Martinique,1.564203046,880.3409059,26.90216667,0.241416667
55,MSR,2001,Montserrat,0.442526703,244.7759918,27.20466667,0.236583333
54,MOZ,2001,Mozambique,47.94843723,23215.20902,24.25091667,0.32125
53,MMR,2001,Myanmar,9308.137831,5453343.183,,
52,MEX,2001,Mexico,8045.036186,3937462.991,21.133,0.2475
51,MDV,2001,Maldives,0.076408922,0,,
50,MDG,2001,Madagascar,21193.19047,11529405.88,23.58691667,0.3185
49,MAF,2001,Saint Martin (French part),0.439377478,163.7812133,,
48,LKA,2001,Sri Lanka,115.7572696,49247.88015,27.66308333,0.30525
47,LCA,2001,Saint Lucia,1.046322965,648.0633936,27.42125,0.203333333
46,LBR,2001,Liberia,2080.511226,1026559.112,26.1535,0.598916667
45,LAO,2001,Lao People's Democratic Republic,10263.04417,6252922.544,,
44,KNA,2001,Saint Kitts and Nevis,1.986411944,973.6086127,,
43,KHM,2001,Cambodia,8908.21939,5251174.416,27.24583333,0.248166667
42,KEN,2001,Kenya,2390.693434,1363429.46,24.45833333,0.3415
41,JAM,2001,Jamaica,89.57468489,50108.77275,26.70308333,0.391833333
40,IND,2001,India,5541.942059,3349485.279,24.58191667,0.202583333
39,IDN,2001,Indonesia,114393.7886,100294139.9,26.32975,0.188416667
38,HTI,2001,Haiti,9.890339363,4895.717884,27.01375,0.368083333
37,HND,2001,Honduras,4747.463721,2643530.551,25.15475,0.302666667
36,GUY,2001,Guyana,1834.786579,1270926.25,26.577,0.334416667
35,GUF,2001,French Guiana,901.7761195,744125.2896,26.35875,0.25725
34,GTM,2001,Guatemala,3978.866532,2076278.986,23.58441667,0.272833333
33,GNQ,2001,Equatorial Guinea,603.1841641,385746.6878,25.20725,0.405666667
32,GNB,2001,Guinea-Bissau,8.526838878,2457.573445,,
31,GLP,2001,Guadeloupe,3.1064586,1732.488861,27.14525,0.228166667
30,GIN,2001,Guinea,287.9754279,144321.2661,26.2885,0.70225
29,GHA,2001,Ghana,1699.573264,789769.412,27.27875,0.369916667
28,GAB,2001,Gabon,5117.83667,3245368.922,24.51358333,0.4375
27,FJI,2001,Fiji,12.56193165,7127.775799,25.75141667,0.32525
26,ETH,2001,Ethiopia,1399.270594,881875.2644,23.6615,0.484833333
25,ECU,2001,Ecuador,4701.192201,3208347.276,22.23608333,0.3675
24,DOM,2001,Dominican Republic,235.7770419,102535.9562,26.34066667,0.35925
23,DMA,2001,Dominica,5.049745703,3032.816095,26.90216667,0.241416667
22,CYM,2001,Cayman Islands,2.24888465,487.9166972,27.30916667,0.458666667
21,CUB,2001,Cuba,475.2467288,120296.6329,25.85641667,0.429416667
20,CRI,2001,Costa Rica,522.0724354,302298.6462,26.11433333,0.3875
19,COM,2001,Comoros,1.355913278,790.2335335,26.41425,0.335666667
18,COL,2001,Colombia,24081.67028,15268146.78,25.41191667,0.286083333
17,COG,2001,Congo,7398.989759,4617149.611,24.73291667,0.552416667
16,COD,2001,"Congo, Democratic Republic of the",92019.98713,62066542.5,,
15,CMR,2001,Cameroon,8286.756067,5232922.246,24.65191667,0.433166667
14,CIV,2001,Côte d'Ivoire,14045.21731,6240405.382,,
13,CHN,2001,China,867.2031347,478050.3284,7.596416667,0.17425
12,CAF,2001,Central African Republic,3939.636294,2674136.653,25.71016667,0.487
11,BTN,2001,Bhutan,69.41099624,48861.44288,12.42575,0.389
10,BRN,2001,Brunei Darussalam,256.0865366,214955.567,,
9,BRA,2001,Brazil,465542.9836,293797838,25.50441667,0.169916667
8,BOL,2001,Bolivia (Plurinational State of),36529.52788,20209923.06,,
7,BLZ,2001,Belize,1271.345645,531553.2377,25.52391667,0.354083333
6,BHS,2001,Bahamas,0.286787751,45.32246863,25.58066667,0.30975
5,BGD,2001,Bangladesh,384.7733492,228372.5064,25.337,0.266583333
4,BES,2001,"Bonaire, Sint Eustatius and Saba",0.146931975,61.25723073,,
3,BDI,2001,Burundi,6.222929649,3288.072273,20.51033333,0.54775
2,AUS,2001,Australia,0.075922367,28.85011952,21.79275,0.161416667
1,ARG,2001,Argentina,5979.947498,2253298.046,15.37041667,0.2105
0,AGO,2001,Angola,4957.597965,3021078.392,22.50291667,0.752416667
